pull_time,club_name,active,console,club_id,division,ten_match_record,total_games,wins,losses,draws,goals_scored,goals_per_match,goals_conceded,goals_conceded_per_match,goal_difference,promotions,holds,relegations,best_season_div,best_season_points,region,stadium,total_rank_points,league_points,cup_points,div_1_titles,other_div_titles,total_trophies
2023-03-20 18:05:16,Bang Average FC,Yes,xboxone,1940614,1,WWWWWWLLDD,510,393,62,55,1339,2.63,380,0.75,959,9,49,0,1,25,British Isles,San Siro,14862,14862,0,32,8,40
2023-03-20 18:05:16,FootieXI,Yes,xboxone,4339359,1,WWWWWWWLLD,496,397,51,48,1518,3.06,520,1.05,998,9,48,0,1,25,British Isles,Old Trafford,15603,15603,0,37,9,46
2023-03-20 18:05:16,NO TRUENES,Yes,xboxone,3705104,1,WWWWWWWLLD,499,415,51,33,1622,3.25,510,1.02,1112,9,49,0,1,25,Central America,ESTADIO DE TRONACION,16656,16656,0,42,9,51
2023-03-20 18:05:16,rock club,Yes,xboxone,542709,1,WWWWWWLLDD,1260,864,183,213,3390,2.69,1437,1.14,1953,13,120,4,1,25,British Isles,Parc des Princes,32806,32806,0,70,5,75
2023-03-20 18:05:16,XVC AC MILAN,Yes,xboxone,10205899,1,WWWWWWWWLD,328,270,21,37,1065,3.25,324,0.99,741,9,29,0,1,25,British Isles,Old Trafford,9773,9773,0,21,9,30
2023-03-20 18:05:16,Caribbean Utd,Yes,xboxone,3488479,1,WWWWWWWWLD,411,266,67,78,889,2.16,483,1.18,406,11,34,2,1,25,East Coast US,Johan Cruijff ArenA,9288,9288,0,14,5,19
2023-03-20 18:05:16,WE DONT STOP XI,Yes,xboxone,5580259,1,WWWWWWWLLD,243,219,15,9,765,3.15,149,0.61,616,9,22,0,1,25,British Isles,Loftus Road,8280,8280,0,19,9,28
2023-03-20 18:05:16,Persian United,Yes,xboxone,3217054,1,WWWWWWWWWW,642,429,92,121,1776,2.77,911,1.42,865,13,55,4,1,25,British Isles,El Alcoraz,15156,15156,0,27,8,35
2023-03-20 18:05:16,Precise Footy,Yes,xboxone,264654,1,WWWWWWWWLL,210,184,18,8,682,3.25,158,0.75,524,9,16,0,1,25,British Isles,pF Arena,6810,6810,0,16,9,25
2023-03-20 18:05:16,Quaresma Ball,Yes,xboxone,8881854,1,WWWWWWLLDD,655,450,97,108,1930,2.95,1007,1.54,923,11,59,2,1,25,British Isles,Estádio do Dragão,16247,16247,0,30,9,39
2023-03-20 18:05:16,KingsOfTheNorth,Yes,xboxone,301109,1,WWWWWWWWDD,369,239,70,60,962,2.61,430,1.17,532,9,33,0,1,25,Central America,Cívitas METROPOLITANO,8773,8773,0,12,9,21
2023-03-20 18:05:16,simplegiveandgo,Yes,xboxone,7672624,1,WWWWWWWLLD,227,166,28,33,626,2.76,242,1.07,384,9,17,0,1,25,British Isles,Waldstadion,5507,5507,0,8,8,16
2023-03-20 18:05:16,La Masia,Yes,xboxone,5744439,1,WWWWWLLLLD,257,176,25,56,674,2.62,315,1.23,359,10,18,1,1,25,British Isles,BC Place,5538,5538,0,7,9,16
2023-03-20 18:05:16,Can I Stay FC,Yes,xboxone,506409,1,WWWWWWWLDD,670,505,78,87,2182,3.26,971,1.45,1211,9,67,0,1,25,British Isles,Loftus Road,19800,19800,0,44,9,53
2023-03-20 18:05:16,BRAZIL SKILL,Yes,xboxone,11171349,1,WWWWWWLLLL,556,365,78,113,1469,2.64,726,1.31,743,13,46,4,1,25,British Isles,San Siro,12259,12259,0,17,11,28
2023-03-20 18:05:16,Aouar Akbar,Yes,xboxone,12894,1,WWWWWLLLLD,649,375,114,160,1687,2.6,1133,1.75,554,16,49,7,1,25,British Isles,Estadio Santiago Bernabéu,11899,11899,0,12,10,22
2023-03-20 18:05:16,The old goats,Yes,xboxone,5874864,1,WWWWWLLLDD,500,325,82,93,1223,2.45,602,1.2,621,10,46,1,1,25,British Isles,the goats arena,11670,11670,0,16,9,25
2023-03-20 18:05:16,Jackie Chang CF,Yes,xboxone,341689,1,WWWWWLLDDD,867,551,136,180,2172,2.51,1188,1.37,984,15,73,6,1,25,British Isles,Johan Cruijff ArenA,18869,18869,0,33,10,43
2023-03-20 18:05:16,Cachones FC,Yes,xboxone,1898514,1,WWWWWWWLDD,445,300,62,83,1454,3.27,781,1.76,673,11,37,2,1,25,East Coast US,Cachones Fc,10542,10542,0,18,9,27
2023-03-20 18:05:16,BbuttinSC,Yes,xboxone,3860439,1,WWWWWWWWWL,623,441,82,100,1911,3.07,1022,1.64,889,11,57,2,1,25,East Coast US,Anfield,15882,15882,0,29,10,39
2023-03-20 18:05:16,upper 9O,Yes,xboxone,6693429,1,WWWWWWLLLD,798,487,123,188,1914,2.4,1105,1.38,809,17,63,8,1,25,East Coast US,JUST 90s & DUBzz,15907,15907,0,24,10,34
2023-03-20 18:05:16,MARIOS ACADEMY,Yes,xboxone,738199,1,WWWWWWWWWD,874,580,136,158,2125,2.43,1051,1.2,1074,15,77,6,1,25,British Isles,Tottenham Hotspur Stadium,20766,20766,0,37,12,49
2023-03-20 18:05:16,Heaton Massive,Yes,xboxone,63724,1,WWWWWWWWWW,367,228,70,69,897,2.44,435,1.19,462,12,27,3,1,25,British Isles,Estadio Santiago Bernabéu,8123,8123,0,12,9,21
2023-03-20 18:05:16,Fifa Is Ruined,Yes,xboxone,850104,1,WWWWWWWWLL,898,669,107,122,2979,3.32,1312,1.46,1667,10,88,1,1,25,British Isles,San Siro,25953,25953,0,59,8,67
2023-03-20 18:05:16,Cookham United,Yes,xboxone,70644,1,WWWLLLLLLD,444,247,78,119,1229,2.77,871,1.96,358,12,33,3,1,25,British Isles,Elland Road,7862,7862,0,7,7,14
2023-03-20 18:05:16,Hotdog Water,Yes,xboxone,839089,1,WWWWWWWWLL,531,337,83,111,1521,2.86,904,1.7,617,12,45,3,1,25,East Coast US,Mercedes-Benz Stadium,11067,11067,0,12,12,24
2023-03-20 18:05:16,Lä §èçtä,Yes,xboxone,1023494,1,WWWWWWWLDD,438,252,81,105,1242,2.84,847,1.93,395,13,31,4,1,25,Central America,Johan Cruijff ArenA,8106,8106,0,8,12,20
2023-03-20 18:05:16,PEPITO CROKETTE,Yes,xboxone,55349,1,WWWWWWWWWL,318,226,42,50,932,2.93,427,1.34,505,10,24,1,1,25,Southern Europe,Ivy Lane,7638,7638,0,13,8,21
2023-03-20 18:05:16,TheBenchWarmers,Yes,xboxone,670624,1,WWWWLLDDDD,539,361,69,109,1824,3.38,1054,1.96,770,11,47,2,1,25,Central America,Arena del Centenario,12579,12579,0,21,8,29
2023-03-20 18:05:16,FromMars,Yes,xboxone,3044384,1,WWWWWWWWWD,1987,1021,306,660,4851,2.44,3876,1.95,975,60,108,51,1,25,East Coast US,Etihad Stadium,26623,26623,0,19,32,51
2023-03-20 18:05:16,Ben and friends,Yes,xboxone,410954,1,WWWWWWWLLL,402,252,53,97,1031,2.56,639,1.59,392,14,26,5,1,25,British Isles,El Alcoraz,8039,8039,0,11,13,24
2023-03-20 18:05:16,PATTERN UR GYAL,Yes,xboxone,3679179,1,WWWWWWWWLD,560,326,85,149,1462,2.61,920,1.64,542,17,37,8,1,25,British Isles,PATTERN GANG,10265,10265,0,14,11,25
2023-03-20 18:05:16,Twizzy Rich,Yes,xboxone,104214,1,WWWWWWWLLD,855,408,162,285,1729,2.02,1497,1.75,232,25,50,16,1,25,East Coast US,Pacesetter Park,10998,10998,0,6,12,18
2023-03-20 18:05:16,NextMatch,Yes,xboxone,3470799,1,WWWWWWWLDD,332,244,41,47,1069,3.22,490,1.48,579,10,27,1,1,25,Central America,Al Jayeed Stadium,8823,8823,0,17,9,26
2023-03-20 18:05:16,Pub Subs,Yes,xboxone,5845819,1,WWWWWWLLLD,626,394,99,133,1634,2.61,938,1.5,696,15,49,6,1,25,Central America,El Alcoraz,13158,13158,0,19,11,30
2023-03-20 18:05:16,Sleestak FC,Yes,xboxone,6860024,1,WWWWWWWWLD,330,228,45,57,819,2.48,396,1.2,423,10,27,1,1,25,East Coast US,San Siro,7588,7588,0,10,9,19
2023-03-20 18:05:16,Babo FC,Yes,xboxone,7840229,1,WWWWWWWWWW,352,280,38,34,1382,3.93,584,1.66,798,9,33,0,1,25,Eastern Europe,Old Trafford,10401,10401,0,21,9,30
2023-03-20 18:05:16,on4nem,Yes,xboxone,79934,1,WWWWWWWLLD,765,467,105,193,2160,2.82,1396,1.82,764,16,61,7,1,25,East Coast US,Municipal de Butarque,14636,14636,0,16,13,29
2023-03-20 18:05:16,AlbDeGenerking2,Yes,xboxone,4512244,1,WWWWWWWLLD,478,293,75,110,1287,2.69,818,1.71,469,15,32,6,1,25,East Coast US,El Alcoraz,9488,9488,0,14,11,25
2023-03-20 18:05:16,Xg JAME,Yes,xboxone,1706909,1,WWWWWWLLLD,398,257,48,93,1169,2.94,690,1.73,479,12,30,3,1,25,British Isles,Estadio San Mamés,8340,8340,0,11,9,20
2023-03-20 18:05:16,KBENDICION,Yes,xboxone,10323379,1,WWWWWWWLLL,441,326,45,70,1399,3.17,652,1.48,747,11,37,2,1,25,West Coast US,Cívitas METROPOLITANO,11181,11181,0,20,11,31
2023-03-20 18:05:16,eFatigued,Yes,xboxone,11724239,1,WWWWWWWWWW,201,201,0,0,786,3.91,76,0.38,710,9,18,0,1,24,British Isles,Stadium of Light,7467,7467,0,18,9,27
2023-03-20 18:05:16,PEFFY united,Yes,xboxone,1893359,1,WWWWWLLLLL,450,249,71,130,1089,2.42,744,1.65,345,13,32,4,1,25,East Coast US,Municipal de Butarque,7496,7496,0,7,9,16
2023-03-20 18:05:16,Pop City,Yes,xboxone,55099,1,WWWWWWWWWD,303,168,58,77,769,2.54,538,1.78,231,10,22,1,1,25,British Isles,Municipal de Ipurua,5334,5334,0,4,5,9
2023-03-20 18:05:16,Bin Dippers CF,Yes,xboxone,217759,1,WWWWWWWLDD,522,296,70,156,1278,2.45,913,1.75,365,18,32,9,1,25,British Isles,Autism Park,8421,8421,0,6,14,20
2023-03-20 18:05:16,AFC EDL,Yes,xboxone,409089,1,WWWWWWWLDD,398,211,78,109,1025,2.58,746,1.87,279,16,20,7,1,23,British Isles,Ross' Gaff,5592,5592,0,2,12,14
2023-03-20 18:05:16,XPHANTOM ESPORT,Yes,xboxone,4458754,1,WWWWWWLLDD,329,162,55,112,636,1.93,509,1.55,127,15,14,6,1,23,Central America,Cívitas METROPOLITANO,3930,3930,0,1,10,11
2023-03-20 18:05:16,Malokas E S,Yes,xboxone,5440704,1,WWWWWLLLLD,383,196,70,117,793,2.07,571,1.49,222,15,20,6,1,24,South America,CT Malokas,5244,5244,0,3,9,12
2023-03-20 18:05:16,OG silky,Yes,xboxone,4359434,1,WWWWWWWWWW,597,402,83,112,1874,3.14,994,1.66,880,11,54,2,1,25,East Coast US,Estadio Santiago Bernabéu,13737,13737,0,19,11,30
2023-03-20 18:05:16,CF Peques de AZ,Yes,xboxone,7976594,1,WWWWLLLDDD,411,259,57,95,1200,2.92,649,1.58,551,12,30,3,1,25,Central America,Estadio Jahn Reyes,8695,8695,0,12,11,23
2023-03-20 18:05:16,AL3med,Yes,xboxone,171794,1,WWWWWWWLLL,1031,454,178,399,2350,2.28,2175,2.11,175,33,54,24,1,24,Western Europe,Estadio Santiago Bernabéu,10700,10700,0,2,16,18
2023-03-20 18:05:16,Botty Bonkers,Yes,xboxone,2725464,1,WWWWWWWWLD,299,225,33,41,1092,3.65,513,1.72,579,9,25,0,1,25,British Isles,Estadio Santiago Bernabéu,8001,8001,0,15,9,24
2023-03-20 18:05:16,Hog Destroyers,Yes,xboxone,34139,1,WWWWWWWLDD,445,235,73,137,1244,2.8,989,2.22,255,18,22,9,1,25,British Isles,Estádio do SL Benfica,6366,6366,0,5,11,16
2023-03-20 18:05:16,Kosova Allstars,Yes,xboxone,7353779,1,WWWWWLLLDD,789,602,96,91,2251,2.85,775,0.98,1476,9,80,0,1,25,Northern Europe,Fadil Vokrri,23818,23818,0,55,8,63
2023-03-20 18:05:16,Oui H8 Bennduhs,Yes,xboxone,1550294,1,WWWWWWWLDD,492,310,70,112,1455,2.96,911,1.85,544,12,38,3,1,25,British Isles,Mercedes-Benz Stadium,10102,10102,0,15,6,21
2023-03-20 18:05:16,Maybole Loyal,Yes,xboxone,17804,2,WWWLLLLLLD,567,291,94,182,1381,2.44,1098,1.94,283,17,36,9,1,25,British Isles,San Siro,8178,8178,0,4,9,13
2023-03-20 18:05:16,Monopoly Money,Yes,xboxone,495489,1,WWWWWWWWLD,793,465,122,206,2444,3.08,1597,2.01,847,16,64,7,1,25,West Coast US,San Siro,15050,15050,0,17,11,28
2023-03-20 18:05:16,Midnight Crew,Yes,xboxone,6804359,1,WWWWWWLLLD,402,270,46,86,1278,3.18,735,1.83,543,10,34,1,1,25,East Coast US,Estadio Santiago Bernabéu,9087,9087,0,12,10,22
2023-03-20 18:05:16,Y0RKSHIRE TEA,Yes,xboxone,1482784,1,WWWWWWWLDD,500,322,68,110,1514,3.03,866,1.73,648,12,40,3,1,25,British Isles,Cívitas METROPOLITANO,10436,10436,0,15,8,23
2023-03-20 18:05:16,Outside868,Yes,xboxone,5211269,1,WWWWWLLLLD,288,204,36,48,799,2.77,383,1.33,416,9,24,0,1,25,Central America,Old Trafford,7195,7195,0,12,7,19
2023-03-20 18:05:16,Vinigius,Yes,xboxone,57969,1,WWWWWWWLLD,432,244,71,117,1162,2.69,742,1.72,420,13,31,4,1,25,British Isles,The Fortress,7622,7622,0,6,9,15
2023-03-20 18:05:16,IIIH TE CHINGUE,Yes,xboxone,10223849,1,WWWWWWWLLD,217,141,34,42,566,2.61,279,1.29,287,10,13,1,1,25,West Coast US,Hay miguel,4261,4261,0,4,9,13
2023-03-20 18:05:16,youth squad,Yes,xboxone,697984,1,WWWWWLLLLD,539,288,94,157,1578,2.93,1189,2.21,389,16,36,7,1,24,East Coast US,Old Trafford,8422,8422,0,5,12,17
2023-03-20 18:05:16,Vanguarda BR,Yes,xboxone,7854319,1,WWWWWWLLDD,638,411,84,143,1855,2.91,1080,1.69,775,12,56,3,1,25,South America,El Grandioso,14274,14274,0,21,8,29
2023-03-20 18:05:16,XVC BURNLEY FC,Yes,xboxone,14170164,1,WWWWWWLLLD,172,135,18,19,589,3.42,170,0.99,419,9,13,0,1,25,British Isles,St. James' Park,4378,4378,0,5,9,14
2023-03-20 18:05:16,RB LOGICO,Yes,xboxone,10183334,1,WWWWWWWLLL,240,151,42,47,611,2.55,348,1.45,263,10,16,1,1,25,South America,Estádio do Dragão,4956,4956,0,5,9,14
2023-03-20 18:05:16,GoonerNationFc,Yes,xboxone,12321959,1,WWWWWWWDDD,145,114,20,11,517,3.57,194,1.34,323,9,8,0,1,25,East Coast US,Emirates Stadium,3884,3884,0,7,8,15
2023-03-20 18:05:16,Hotel Rivoli,Yes,xboxone,235184,1,WWWWWWLLLD,460,238,69,153,989,2.15,781,1.7,208,18,23,9,1,25,British Isles,Allianz Arena,6179,6179,0,3,14,17
2023-03-20 18:05:16,Norm Reeves,Yes,xboxone,460059,1,WWWWWWLLLD,516,282,100,134,1285,2.49,925,1.79,360,16,33,7,1,25,West Coast US,San Siro,8327,8327,0,6,10,16
2023-03-20 18:05:16,Lvl 100,Yes,xboxone,1081059,1,WWWWWWWWWW,205,135,35,35,637,3.11,361,1.76,276,11,11,2,1,24,East Coast US,Mercedes-Benz Arena,4135,4135,0,5,7,12
2023-03-20 18:05:16,SC FC,Yes,xboxone,21284,1,WWWWWWLDDD,269,164,40,65,729,2.71,458,1.7,271,14,12,5,1,25,British Isles,Mercedes-Benz Stadium,4677,4677,0,5,10,15
2023-03-20 18:05:16,fantasticos fc,Yes,xboxone,5650484,1,WWWWWWLLDD,731,479,89,163,2068,2.83,1219,1.67,849,14,61,5,1,25,East Coast US,Parc des Princes,16370,16370,0,27,12,39
2023-03-20 18:05:16,Elbows Up,Yes,xboxone,109014,1,WWWWWWLLDD,448,215,86,147,841,1.88,692,1.54,149,17,22,8,1,23,East Coast US,Gtech Community Stadium,5344,5344,0,2,9,11
2023-03-20 18:05:16,Handis,Yes,xboxone,37999,2,WWWWWLLLLD,357,196,62,99,696,1.95,481,1.35,215,10,27,2,1,25,British Isles,Old Trafford,6454,6454,0,7,6,13
2023-03-20 18:05:16,Units 48,Yes,xboxone,1199,1,WWWWLLLDDD,582,278,107,197,1401,2.41,1184,2.03,217,21,30,12,1,24,British Isles,Units Arena,7028,7028,0,2,12,14
2023-03-20 18:05:16,FaqArnoldsMom,Yes,xboxone,10727274,1,WWWWWWWWWL,265,241,9,15,1320,4.98,363,1.37,957,9,24,0,1,25,Eastern Europe,Estadio LDA Ricardo E. Bochini,9285,9285,0,23,9,32
2023-03-20 18:05:16,Traga Lecce,Yes,xboxone,1040204,1,WWWWLLLDDD,609,309,96,204,1533,2.52,1267,2.08,266,19,39,10,1,24,East Coast US,Estadio de tu Madre,8423,8423,0,2,12,14
2023-03-20 18:05:16,Andrew8George,Yes,xboxone,7657844,1,WWWWWWWWLL,369,250,37,82,1216,3.3,662,1.79,554,12,26,3,1,25,East Coast US,Old Trafford,7913,7913,0,13,8,21
2023-03-20 18:05:16,YeahGornNapoli,Yes,xboxone,412184,1,WWWWWWWLDD,879,596,130,153,2601,2.96,1461,1.66,1140,14,78,5,1,25,British Isles,Estádio do SL Benfica,22598,22598,0,48,9,57
2023-03-20 18:05:16,GrupoSinChotos,Yes,xboxone,308719,1,WWWWWWWLLL,553,335,89,129,1567,2.83,948,1.71,619,14,44,5,1,25,Central America,Arcadio Solano,10982,10982,0,13,10,23
2023-03-20 18:05:16,Oh My Worddd,Yes,xboxone,4196374,1,WWWWWWWWLD,596,334,97,165,1520,2.55,1025,1.72,495,20,36,11,1,25,British Isles,Estadio Santiago Bernabéu,9683,9683,0,8,16,24
2023-03-20 18:05:16,agua sanitaria,Yes,xboxone,53949,1,WWWWWLLLLD,288,151,35,102,704,2.44,571,1.98,133,11,17,2,1,25,South America,gulag,4373,4373,0,4,5,9
2023-03-20 18:05:16,harley smells,Yes,xboxone,4215174,1,WWWWWWWLLL,580,275,94,211,1351,2.33,1204,2.08,147,17,37,8,1,25,British Isles,HKS lair,7391,7391,0,2,9,11
2023-03-20 18:05:16,HALA MADRID I,Yes,xboxone,13247934,1,WWWWWWWWWW,222,157,24,41,654,2.95,309,1.39,345,9,18,0,1,25,British Isles,Stadion Hanguk,5397,5397,0,7,8,15
2023-03-20 18:05:16,AE ROBRU,Yes,xboxone,2510504,1,WWWWWWLLDD,667,349,96,222,1557,2.33,1279,1.92,278,19,44,10,1,24,South America,Cívitas METROPOLITANO,9785,9785,0,8,9,17
2023-03-20 18:05:16,xMEXICAN GODSx,Yes,xboxone,1809509,2,WWWWLLLLLD,403,275,57,71,1411,3.5,706,1.75,705,10,34,2,1,25,Central America,San Siro,9419,9419,0,15,9,24
2023-03-20 18:05:16,BOOM BOOM,Yes,xboxone,386959,1,WWWWWWWWWW,429,298,46,85,1412,3.29,775,1.81,637,11,36,2,1,25,British Isles,Old Trafford,10141,10141,0,17,7,24
2023-03-20 18:05:16,Samba CFC,Yes,xboxone,111514,1,WWWWWWLLLL,355,186,68,101,885,2.49,641,1.81,244,12,23,3,1,25,East Coast US,Emirates Stadium,5383,5383,0,3,8,11
2023-03-20 18:05:16,Club Skorpion,Yes,xboxone,669064,1,WWWWWWWLLD,223,103,38,82,514,2.3,444,1.99,70,13,7,4,1,18,Central America,Estadio Benito Villamarín,2225,2225,0,0,8,8
2023-03-20 18:05:16,Kenilworth Dons,Yes,xboxone,43484,1,WWWWWWLLLL,475,278,53,144,1398,2.94,1033,2.17,365,16,29,7,1,25,British Isles,Stadion 23. Maj,7707,7707,0,9,7,16
2023-03-20 18:05:16,AND UNITED 2023,Yes,xboxone,10435749,1,WWWWWWLLLD,211,138,27,46,637,3.02,344,1.63,293,11,11,2,1,24,Eastern Europe,Cívitas METROPOLITANO,4039,4039,0,4,9,13
2023-03-20 18:05:16,Phitte,Yes,xboxone,5078174,1,WWWWWWLLDD,522,295,94,133,1413,2.71,940,1.8,473,13,41,4,1,24,Northern Europe,Old Trafford,9059,9059,0,4,11,15
2023-03-20 18:05:16,Milky Mess FC,Yes,xboxone,3465449,1,WWWWWLLLLD,312,189,45,78,832,2.67,478,1.53,354,11,22,2,1,25,British Isles,El Alcoraz,6051,6051,0,6,9,15
2023-03-20 18:05:16,omgaeee,Yes,xboxone,6155669,1,WWWWWWWLDD,398,235,52,111,1023,2.57,707,1.78,316,15,24,6,1,24,British Isles,Mercedes-Benz Stadium,6777,6777,0,5,13,18
2023-03-20 18:05:16,thury at cam,Yes,xboxone,13307424,1,WWWWWLLLDD,405,244,52,109,1302,3.21,915,2.26,387,15,24,6,1,25,East Coast US,El Grandioso,7075,7075,0,7,11,18
2023-03-20 18:05:16,klas47,Yes,xboxone,2755074,1,WWWWWWLLDD,329,203,50,76,777,2.36,434,1.32,343,13,21,4,1,25,British Isles,El Alcoraz,6194,6194,0,6,11,17
2023-03-20 18:05:16,Barca B,Yes,xboxone,418509,2,WWWLLLLLLD,851,392,135,324,1823,2.14,1668,1.96,155,25,51,17,1,25,British Isles,El Dawg Arena,9960,9960,0,4,11,15
2023-03-20 18:05:16,Backyardigan FC,Yes,xboxone,4924674,1,WWWWWWWWWW,777,496,97,184,2068,2.66,1177,1.51,891,16,64,7,1,25,British Isles,The Sandbox,16837,16837,0,27,11,38
2023-03-20 18:05:16,Vergudos,Yes,xboxone,1409714,1,WWWWWWWLDD,489,275,91,123,1287,2.63,874,1.79,413,17,29,8,1,25,Central America,Estadio Santiago Bernabéu,8228,8228,0,8,12,20
2023-03-20 18:05:16,Razorbacks FC,Yes,xboxone,1644264,2,WWWWWLLLDD,761,319,122,320,1593,2.09,1601,2.1,-8,27,36,19,1,18,Central America,Arena del Centenario,6271,6271,0,0,11,11
2023-03-20 18:05:16,REBELLIONS,Yes,ps4,151724,1,WWWWWWWWLL,2490,1989,232,269,7613,3.06,2008,0.81,5605,11,265,2,1,25,,REBELLIONS,81488,81488,0,213,9,222
2023-03-20 18:05:16,PRIIMEFUTBOL FC,Yes,ps4,3131494,1,WWWWWWWWLD,956,907,33,16,3566,3.73,450,0.47,3116,9,107,0,1,25,East Coast US,King Fahd Stadium,37381,37381,0,107,9,116
2023-03-20 18:05:16,IM THE DANGER,Yes,ps4,1781359,1,WWWWWWLLLD,568,478,45,45,1842,3.24,608,1.07,1234,9,56,0,1,25,,Stamford Bridge,19296,19296,0,51,8,59
2023-03-20 18:05:16,fcpittbull,Yes,ps4,7189369,1,WWWWWWDDDD,1124,956,94,74,3647,3.24,928,0.83,2719,9,119,0,1,25,Southern Europe,Stadion Olympik,38976,38976,0,105,9,114
2023-03-20 18:05:16,NO W2Y OUT,Yes,ps4,3948554,1,WWWWWWWWWL,1070,842,106,122,3375,3.15,1135,1.06,2240,10,110,1,1,25,,Cívitas METROPOLITANO,32935,32935,0,78,10,88
2023-03-20 18:05:16,E v A s  FC,Yes,ps4,2073334,1,WWWLDDDDDD,1843,1311,242,290,4971,2.7,1858,1.01,3113,13,189,4,1,25,,E v A s FC,49758,49758,0,100,12,112
2023-03-20 18:05:16,954passes,Yes,ps4,6620679,1,WWWWWWWWWL,589,493,51,45,1577,2.68,322,0.55,1255,9,58,0,1,25,Northern Europe,Estadio Santiago Bernabéu,19194,19194,0,48,9,57
2023-03-20 18:05:16,Vetra FC,Yes,ps4,2856989,1,WWWWWWWWDD,2308,2040,147,121,7761,3.36,1620,0.7,6141,9,255,0,1,25,Southern Europe,Vetra FC Stadium,84377,84377,0,239,9,248
2023-03-20 18:05:16,WOLVES,Yes,ps4,1415464,1,WWWWWWWWWL,678,484,84,110,1892,2.79,794,1.17,1098,11,63,2,1,25,,Waldstadion,17652,17652,0,34,9,43
2023-03-20 18:05:16,Gunners 04,Yes,ps4,10130289,1,WWWWWWWWWW,674,602,36,36,2540,3.77,475,0.7,2065,9,71,0,1,25,,Emirates Stadium,24061,24061,0,64,9,73
2023-03-20 18:05:16,Internationaal,Yes,ps4,69664,1,WWWWWWWWLL,2610,2045,242,323,7329,2.81,2323,0.89,5006,16,269,7,1,25,Southern Europe,Atatürk Olimpiyat Stadı,80827,80827,0,202,11,213
2023-03-20 18:05:16,LARAPIAGEM ES,Yes,ps4,1349554,1,WWWWWWWWWL,1486,1262,134,90,4740,3.19,1110,0.75,3630,9,162,0,1,25,South America,LARAPIOS ARENA,51971,51971,0,140,9,149
2023-03-20 18:05:16,PEPEU GOMES FC,Yes,ps4,2929849,1,WWWWWWWWWD,2001,1722,147,132,7119,3.56,1812,0.91,5307,9,220,0,1,25,South America,Canalhas Arena,70981,70981,0,195,9,204
2023-03-20 18:05:16,L  O  S  T,Yes,ps4,7024069,1,WWWWWWWWWD,1003,813,91,99,3269,3.26,1016,1.01,2253,9,104,0,1,25,,Old Trafford,32357,32357,0,81,9,90
2023-03-20 18:05:16,i C E,Yes,ps4,8457829,1,WWWWWWWWLD,1207,984,108,115,4209,3.49,1388,1.15,2821,9,126,0,1,25,,Anfield,39578,39578,0,102,9,111
2023-03-20 18:05:16,xX HEAVENS Xx,Yes,ps4,4873664,1,WWWWWWWWLD,1699,1528,92,79,5959,3.51,1187,0.7,4772,9,188,0,1,25,East Coast US,Cívitas METROPOLITANO,63537,63537,0,182,9,191
2023-03-20 18:05:16,M T G,Yes,ps4,5392094,1,WWWWWWWWWL,498,414,28,56,1616,3.24,448,0.9,1168,11,44,2,1,25,,Eastpoint Arena,15738,15738,0,40,11,51
2023-03-20 18:05:16,Maniac,Yes,ps4,5604744,1,WWWWWWWLLD,1341,1156,103,82,4361,3.25,1221,0.91,3140,9,145,0,1,25,British Isles,Maniac fc,47692,47692,0,131,9,140
2023-03-20 18:05:16,FC   Warriors,Yes,ps4,6608394,1,WWWWWWWWWD,1486,999,170,317,4067,2.74,2077,1.4,1990,17,141,8,1,25,,Estádio do SL Benfica,35848,35848,0,63,14,77
2023-03-20 18:05:16,A C R,Yes,ps4,608559,1,WWWWWWWLLD,756,499,94,163,1937,2.56,973,1.29,964,12,68,3,1,25,,Old Trafford,17768,17768,0,30,8,38
2023-03-20 18:05:16,x FastLife,Yes,ps4,14379804,1,WWWWWWWWWD,500,437,39,24,1789,3.58,345,0.69,1444,9,49,0,1,25,Southern Europe,FAST FOOT,17550,17550,0,47,9,56
2023-03-20 18:05:16,SANTOS I TSK,Yes,ps4,527909,1,WWWWWWWWLL,4008,2922,405,681,11128,2.78,4148,1.03,6980,17,418,8,1,25,,Estadio Santiago Bernabéu,110379,110379,0,233,14,247
2023-03-20 18:05:16,History writers,Yes,ps4,8068769,1,WWWWWWWLLD,1074,858,90,126,3491,3.25,1157,1.08,2334,10,111,1,1,25,,<.......ro7........>,33951,33951,0,83,10,93
2023-03-20 18:05:16,S A I L,Yes,ps4,4037169,1,WWWWWWWWLD,992,793,87,112,3012,3.04,924,0.93,2088,9,103,0,1,25,,Estadio Santiago Bernabéu,31309,31309,0,76,9,85
2023-03-20 18:05:16,Tactical oGs,Yes,ps4,2059189,1,WWWWWWWWWL,2330,1971,207,152,8081,3.47,2132,0.92,5949,9,254,0,1,25,East Coast US,THE OG HOUSE,82060,82060,0,227,9,236
2023-03-20 18:05:16,diverti,Yes,ps4,11229,1,WWWWWWLLDD,586,390,106,90,1429,2.44,631,1.08,798,10,55,1,1,25,,El Alcoraz,15043,15043,0,28,8,36
2023-03-20 18:05:16,Nympo Maniac,Yes,ps4,1725154,1,WWWWWWWWLD,432,368,35,29,1378,3.19,295,0.68,1083,9,41,0,1,25,,SENSEI YAMERO,14299,14299,0,36,9,45
2023-03-20 18:05:16,DE JANEIRO,Yes,ps4,58874,1,WWWWWWWWWW,1882,1447,204,231,5483,2.91,1817,0.97,3666,10,197,1,1,25,,Estadio Benito Villamarín,57180,57180,0,137,9,146
2023-03-20 18:05:16,TIKI TAKA VFC,Yes,ps4,1897919,1,WWWWWWWWLL,454,358,46,50,1279,2.82,348,0.77,931,9,42,0,1,25,,THE GREAT WALL,13095,13095,0,28,9,37
2023-03-20 18:05:16,Damasco,Yes,ps4,3663784,1,WWWWWWWWWW,1153,966,103,84,3560,3.09,977,0.85,2583,9,123,0,1,25,South America,Uoriboricoli Arena,39087,39087,0,102,9,111
2023-03-20 18:05:16,ARCA DE NOE,Yes,ps4,303639,1,WWWWWWWLDD,1265,955,127,183,4037,3.19,1670,1.32,2367,13,124,4,1,25,South America,Estadio Cornellà-EL Prat,37092,37092,0,88,12,100
2023-03-20 18:05:16,x M A N U,Yes,ps4,125744,1,WWWWWWWWWD,2799,2028,393,378,7245,2.59,2622,0.94,4623,15,289,6,1,25,,x M A N U,80278,80278,0,180,15,195
2023-03-20 18:05:16,F2ntastic,Yes,ps4,57119,1,WWWWWWWWLD,1198,917,128,153,3625,3.03,1203,1.0,2422,14,115,5,1,25,,Old Trafford,35351,35351,0,84,13,97
2023-03-20 18:05:16,M I A M I,Yes,ps4,4274304,1,WWWWWWWWLD,503,394,59,50,1627,3.23,528,1.05,1099,9,48,0,1,25,,Craven Cottage,16116,16116,0,40,9,49
2023-03-20 18:05:16,Esprite Cluster,Yes,ps4,7584,1,WWWWWWWWDD,605,378,100,127,1307,2.16,628,1.04,679,13,49,4,1,25,,El Grandioso,11990,11990,0,13,12,25
2023-03-20 18:05:16,Umeda Cypher,Yes,ps4,1504014,1,WWWWWDDDDD,287,223,41,23,738,2.57,153,0.53,585,9,24,0,1,25,,OYJ HOME,8245,8245,0,17,9,26
2023-03-20 18:05:16,B a n d i t s,Yes,ps4,13447064,1,WWWWWWWWWW,1233,1041,106,86,4097,3.32,1099,0.89,2998,9,131,0,1,25,,Mercedes-Benz Stadium,42325,42325,0,113,9,122
2023-03-20 18:05:16,City Plus,Yes,ps4,511819,1,WWWWWWWWLD,733,572,75,86,2210,3.02,689,0.94,1521,10,73,1,1,25,,Waldstadion,22240,22240,0,51,10,61
2023-03-20 18:05:16,Elite Wizards,Yes,ps4,10842624,1,WWWWWWWWLD,1003,767,111,125,2743,2.73,928,0.93,1815,10,101,1,1,25,Western Europe,Estadio Santiago Bernabéu,29561,29561,0,67,10,77
2023-03-20 18:05:16,C  o  b  R  a,Yes,ps4,7327654,1,WWWWWWWWWL,519,457,34,28,1968,3.79,485,0.93,1483,9,51,0,1,25,,San Siro,18061,18061,0,48,9,57
2023-03-20 18:05:16,L A V A,Yes,ps4,31974,1,WWWWWWWWWD,1159,862,134,163,3345,2.89,1112,0.96,2233,10,117,1,1,25,,L A V A,32987,32987,0,72,10,82
2023-03-20 18:05:16,D M A R,Yes,ps4,182964,1,WWWWWWWLLD,1260,874,145,241,3499,2.78,1735,1.38,1764,12,125,3,1,25,,King Abdullah Sports City,33158,33158,0,67,8,75
2023-03-20 18:05:16,M 8 S,Yes,ps4,4829844,1,WWWWWWWWWL,1451,1142,123,186,4785,3.3,1792,1.24,2993,10,150,1,1,25,,Cívitas METROPOLITANO,45501,45501,0,114,9,123
2023-03-20 18:05:16,Endgame,Yes,ps4,24339,1,WWWWWWWWLL,3005,2229,324,452,9081,3.02,3617,1.2,5464,18,306,9,1,25,,Mercedes-Benz Stadium,86861,86861,0,203,12,215
2023-03-20 18:05:16,A T T A C K,Yes,ps4,6911374,1,WWWWWLLLLD,322,254,29,39,1003,3.11,389,1.21,614,9,29,0,1,25,,Mercedes-Benz Stadium,9555,9555,0,20,9,29
2023-03-20 18:05:16,T O X,Yes,ps4,4159819,1,WWWWWWWLDD,2319,1810,229,280,6997,3.02,2532,1.09,4465,9,248,0,1,25,,El Alcoraz,72413,72413,0,178,9,187
2023-03-20 18:05:16,x Lyon,Yes,ps4,4504224,1,WWWWLLLLDD,751,551,94,106,2211,2.94,870,1.16,1341,11,72,2,1,25,Southern Europe,Johan Cruijff ArenA,20717,20717,0,43,9,52
2023-03-20 18:05:16,Ra VIRDY,Yes,ps4,7744,1,WWWWWWLLDD,461,312,64,85,1084,2.35,460,1.0,624,11,38,2,1,25,,We are Kaito,11033,11033,0,19,10,29
2023-03-20 18:05:16,K A M I K A Z E,Yes,ps4,357479,1,WWWWWWWWWL,1032,719,127,186,2866,2.78,1291,1.25,1575,15,92,6,1,25,,Stamford Bridge,26431,26431,0,54,13,67
2023-03-20 18:05:16,O D D,Yes,ps4,3372449,1,WWWWWWWWWD,903,672,104,127,2760,3.06,973,1.08,1787,11,88,2,1,25,,O D D,25637,25637,0,56,10,66
2023-03-20 18:05:16,2EtoilesFrance,Yes,ps4,8298699,1,WWWWWWWWWD,839,635,112,92,2204,2.63,765,0.91,1439,10,84,1,1,25,Southern Europe,stade de france,25211,25211,0,58,10,68
2023-03-20 18:05:16,COSMOPOLITE FC,Yes,ps4,2852714,1,WWWWWWWLLL,857,669,84,104,2413,2.82,834,0.97,1579,9,88,0,1,25,Southern Europe,RCDE Stadium,25725,25725,0,58,9,67
2023-03-20 18:05:16,S P R I N T,Yes,ps4,2682854,1,WWWWWWWLLD,1430,1115,155,160,4259,2.98,1457,1.02,2802,10,149,1,1,25,,Old Trafford,44396,44396,0,108,9,117
2023-03-20 18:05:16,O N X,Yes,ps4,10753409,1,WWWWWWWWWD,668,553,61,54,2237,3.35,668,1.0,1569,9,67,0,1,25,,Anfield,22332,22332,0,58,9,67
2023-03-20 18:05:16,S T O R Y,Yes,ps4,1311084,1,WWWWWWWLLD,1337,936,167,234,3647,2.73,1372,1.03,2275,15,127,6,1,25,,Estadio Santiago Bernabéu,35328,35328,0,75,10,85
2023-03-20 18:05:16,Tesuryo,Yes,ps4,137934,1,WWWWLDDDDD,477,305,76,96,952,2.0,423,0.89,529,12,38,3,1,25,,El Alcoraz,9975,9975,0,13,9,22
2023-03-20 18:05:16,D 7 K 1,Yes,ps4,5849739,1,WWWWWWWWWW,1120,776,153,191,2822,2.52,1174,1.05,1648,17,100,8,1,25,,D 7 H,28371,28371,0,57,13,70
2023-03-20 18:05:16,G R A Y,Yes,ps4,10257549,1,WWWWWWWWDD,286,237,23,26,944,3.3,278,0.97,666,9,24,0,1,25,,El Alcoraz,8798,8798,0,20,9,29
2023-03-20 18:05:16,Occams Razor,Yes,ps4,10172399,1,WWWWWWWDDD,344,301,28,15,1081,3.14,259,0.75,822,9,32,0,1,25,Northern Europe,Fi Amanillah,11995,11995,0,31,9,40
2023-03-20 18:05:16,W e r t,Yes,ps4,4275389,1,WWWWWWWLLD,430,297,45,88,1128,2.62,491,1.14,637,11,35,2,1,25,,W e r t,10576,10576,0,20,8,28
2023-03-20 18:05:16,BigDawgsUnited,Yes,ps4,84259,1,WWWWWWWWLD,1159,906,123,130,3537,3.05,1194,1.03,2343,11,117,2,1,25,East Coast US,Estadio Santiago Bernabéu,36131,36131,0,89,11,100
2023-03-20 18:05:16,FC WORlDTEAM,Yes,ps4,11427639,1,WWWWWLLDDD,791,640,77,74,2502,3.16,782,0.99,1720,9,80,0,1,25,Southern Europe,Old Trafford,25848,25848,0,66,9,75
2023-03-20 18:05:16,E V E R T O N,Yes,ps4,3733044,1,WWWWWWWWLD,1257,914,163,180,3383,2.69,1313,1.04,2070,9,132,0,1,25,,Waldstadion,35232,35232,0,72,9,81
2023-03-20 18:05:16,G E T L O S T,Yes,ps4,164804,1,WWWWWWWWLL,1246,857,150,239,3561,2.86,1491,1.2,2070,18,112,9,1,25,,El Grandioso,30619,30619,0,60,15,75
2023-03-20 18:05:16,SHAYIB ALSBEET,Yes,ps4,11287634,1,WWWWWWWLLD,401,308,46,47,1225,3.05,435,1.08,790,9,38,0,1,25,,Old Trafford,11544,11544,0,23,9,32
2023-03-20 18:05:16,Le Fort FC,Yes,ps4,17169,1,WWWWWLLLDD,474,253,91,130,802,1.69,500,1.05,302,15,31,6,1,24,,El Alcoraz,7390,7390,0,4,8,12
2023-03-20 18:05:16,FANDANGO,Yes,ps4,7414,1,WWWWWWWWLD,374,204,69,101,706,1.89,444,1.19,262,15,19,6,1,25,,Eastpoint Arena,5420,5420,0,2,11,13
2023-03-20 18:05:16,H E L L F I R E,Yes,ps4,148459,1,WWWWWWWWLD,1432,928,173,331,3935,2.75,2072,1.45,1863,18,130,9,1,25,,WELCOME TO HELL,32341,32341,0,53,15,68
2023-03-20 18:05:16,AL  STARK,Yes,ps4,6270059,1,WWWWWWWWLD,1109,673,161,275,2845,2.57,1598,1.44,1247,19,96,10,1,25,,Stark Arena,22000,22000,0,25,13,38
2023-03-20 18:05:16,Champions,Yes,ps4,6944,1,WWWWWWLLLD,2125,1533,254,338,5883,2.77,2330,1.1,3553,16,210,7,1,25,,Mercedes-Benz Stadium,59134,59134,0,132,15,147
2023-03-20 18:05:16,KeyMoney Squad,Yes,ps4,2992854,1,WWWWWWWDDD,1211,786,153,272,3344,2.76,1806,1.49,1538,23,98,14,1,25,East Coast US,Old Trafford,26890,26890,0,47,19,66
2023-03-20 18:05:16,we r champions,Yes,ps4,12859,1,WWWWWWWWWW,1198,858,147,193,3292,2.75,1295,1.08,1997,12,118,3,1,25,,Mercedes-Benz Stadium,31891,31891,0,64,10,74
2023-03-20 18:05:16,TEAMSTRIKER,Yes,ps4,1399199,1,WWWWWWLLLD,536,373,73,90,1213,2.26,447,0.83,766,9,52,0,1,25,,Johan Cruijff ArenA,13501,13501,0,22,8,30
2023-03-20 18:05:16,LES GARS LAKTiK,Yes,ps4,1897129,1,WWWWWWWLLL,708,471,86,151,1901,2.69,951,1.34,950,12,63,3,1,25,Southern Europe,Parc Des Galactiques,16727,16727,0,29,8,37
2023-03-20 18:05:16,A R R O W,Yes,ps4,221394,1,WWWWWWWWWD,801,587,98,116,2335,2.92,933,1.16,1402,9,80,0,1,25,,King Fahd Stadium,22963,22963,0,50,9,59
2023-03-20 18:05:16,D  A  R  K,Yes,ps4,11596334,1,WWWWWWWLLD,299,254,28,17,1032,3.45,293,0.98,739,9,26,0,1,25,,Old Trafford,9799,9799,0,24,9,33
2023-03-20 18:05:16,Amaterasu,Yes,ps4,4579474,1,WWWWWWWWDD,3174,2816,175,183,14922,4.7,4636,1.46,10286,9,355,0,1,25,,King Fahd Stadium,117215,117215,0,336,8,344
2023-03-20 18:05:16,Son Goten,Yes,ps4,12502889,1,WWWWWWWWWD,351,274,37,40,1059,3.02,378,1.08,681,10,30,1,1,25,Southern Europe,Villa Park,10081,10081,0,21,10,31
2023-03-20 18:05:16,11 GALACTIQUES,Yes,ps4,4693114,1,WWWWWWLLDD,2004,1363,259,382,5720,2.85,2899,1.45,2821,24,184,15,1,25,Southern Europe,Old Trafford,49802,49802,0,98,16,114
2023-03-20 18:05:16,S P U R S,Yes,ps4,2419059,1,WWWWWWWWWL,631,487,70,74,1918,3.04,733,1.16,1185,10,60,1,1,25,,San Siro,18868,18868,0,44,9,53
2023-03-20 18:05:16,FAIS DES PASSES,Yes,ps4,77634,1,WWWWWWWLDD,885,632,112,141,2517,2.84,1076,1.22,1441,12,85,3,1,25,Southern Europe,Parc des Princes,23855,23855,0,48,11,59
2023-03-20 18:05:16,C R I M E,Yes,ps4,6871044,1,WWWWWWWLLD,505,426,38,41,1736,3.44,484,0.96,1252,9,50,0,1,25,,Estadio San Mamés,16642,16642,0,41,9,50
2023-03-20 18:05:16,G h a n a,Yes,ps4,5103489,1,WWWWWWWLDD,791,529,95,167,2220,2.81,1105,1.4,1115,18,62,9,1,25,,Emirates Stadium,17788,17788,0,31,13,44
2023-03-20 18:05:16,Rising Star,Yes,ps4,40999,1,WWWWWWWWWD,1531,1019,195,317,4266,2.79,2310,1.51,1956,14,152,5,1,25,Southern Europe,Gtech Community Stadium,36943,36943,0,61,11,72
2023-03-20 18:05:16,S O Y,Yes,ps4,317014,1,WWWWWWWWLL,1014,707,146,161,2588,2.55,1020,1.01,1568,9,104,0,1,25,,Allianz Stadium,26685,26685,0,50,6,56
2023-03-20 18:05:16,SAWA  HOMARE,Yes,ps4,7654,1,WWWWWWWLDD,272,194,39,39,694,2.55,273,1.0,421,10,21,1,1,25,,Loftus Road,6431,6431,0,9,10,19
2023-03-20 18:05:16,PECORANERA,Yes,ps4,1726944,1,WWWWWWWLLL,335,251,38,46,954,2.85,314,0.94,640,9,30,0,1,25,,Molton Road,9109,9109,0,17,8,25
2023-03-20 18:05:16,V I O L A,Yes,ps4,8881939,1,WWWWWWWWWD,379,303,36,40,1262,3.33,398,1.05,864,9,35,0,1,25,,Stamford Bridge,11423,11423,0,25,9,34
2023-03-20 18:05:16,V A M O S,Yes,ps4,703974,1,WWWWWWWLDD,794,570,97,127,2343,2.95,886,1.12,1457,9,80,0,1,25,,J7EM VAMOS,21735,21735,0,44,6,50
2023-03-20 18:05:16,ParkStrangers,Yes,ps4,3158124,1,WWWWWWWWLD,837,515,126,196,2094,2.5,1179,1.41,915,15,71,6,1,25,East Coast US,Estádio do SL Benfica,17738,17738,0,26,11,37
2023-03-20 18:05:16,Dutchie FC,Yes,ps4,2491584,1,WWWWWWWWDD,899,660,96,143,2943,3.27,1321,1.47,1622,12,86,3,1,25,Eastern Europe,Stadion 23. Maj,24525,24525,0,51,11,62
2023-03-20 18:05:16,ARTSIT,Yes,ps4,544479,1,WWWWWWWWLD,1455,1115,129,211,4882,3.36,1915,1.32,2967,13,147,4,1,25,British Isles,Villa Park,42607,42607,0,99,7,106
2023-03-20 18:05:16,xJogaaaaa 11,Yes,ps4,554204,1,WWWWWWWWWL,768,561,103,104,2234,2.91,968,1.26,1266,11,73,2,1,25,Southern Europe,Gtech Community Stadium,21550,21550,0,47,10,57
2023-03-20 18:05:16,E L IT E,Yes,ps4,1341004,1,WWWWWWLLLD,1325,842,182,301,3339,2.52,1744,1.32,1595,21,115,12,1,25,,Waldstadion,28730,28730,0,44,15,59
2023-03-20 18:05:16,DEMONxN1,Yes,ps4,1196864,1,WWWWWWWWLD,3085,2383,336,366,9435,3.06,3270,1.06,6165,13,329,4,1,25,Southern Europe,Stade des Démons,95130,95130,0,230,12,242
2023-03-20 18:05:16,T i M E R,Yes,ps4,10663799,1,WWWWWWWLLD,266,211,24,31,881,3.31,297,1.12,584,9,22,0,1,25,,El Alcoraz,7734,7734,0,17,6,23
2023-03-20 18:05:16,1  TeFx,Yes,ps4,4449649,1,WWWWWWWDDD,1346,734,167,445,3474,2.58,2614,1.94,860,36,86,27,1,25,,J7em TeFx .,20499,20499,0,17,26,43
2023-03-20 18:05:16,L O R D S,Yes,ps4,3283214,1,WWWWWWWLLD,1020,841,93,86,3118,3.06,886,0.87,2232,9,107,0,1,25,,L O R D S,33873,33873,0,87,9,96
2023-03-20 18:05:16,GELEEN,Yes,ps4,778859,1,WWWWWWWWDD,509,397,56,56,1503,2.95,573,1.13,930,9,47,0,1,25,British Isles,Lindenheuvel,15062,15062,0,35,9,44
2023-03-20 18:05:16,T E D,Yes,ps4,4072119,1,WWWWWWWWLL,1332,964,150,218,3754,2.82,1502,1.13,2252,14,130,5,1,25,,T E D,35410,35410,0,71,13,84
2023-03-20 18:05:16,Fancy Footy,Yes,xbsxs,1920098,1,WWWWWWWWWD,1805,1608,136,61,5357,2.97,771,0.43,4586,9,201,0,1,25,Southern Europe,Estadio Santiago Bernabéu,67230,67230,0,191,9,200
2023-03-20 18:05:16,Its in Spanish,Yes,xbsxs,3734268,1,WWWWWWWWDD,1377,1077,120,180,4442,3.23,1596,1.16,2846,11,138,2,1,25,East Coast US,Atatürk Olimpiyat Stadı,42498,42498,0,107,9,116
2023-03-20 18:05:16,Precise CF,Yes,xbsxs,3028688,1,WWWWWLLDDD,913,757,84,72,2629,2.88,711,0.78,1918,9,96,0,1,25,Western Europe,pF Arena,30521,30521,0,78,9,87
2023-03-20 18:05:16,Nice Guys,Yes,xbsxs,1375178,1,WWWWWWLLDD,468,385,59,24,1234,2.64,218,0.47,1016,9,45,0,1,25,East Coast US,Rogue Park,15158,15158,0,37,9,46
2023-03-20 18:05:16,Creative  Play,Yes,xbsxs,7367318,1,WWWWWWWWWW,421,401,16,4,1454,3.45,179,0.43,1275,9,43,0,1,25,British Isles,El Alcoraz,15883,15883,0,43,9,52
2023-03-20 18:05:16,TT Gaming 1,Yes,xbsxs,2329858,1,WWWWWWWLLD,2522,2020,250,252,7342,2.91,1997,0.79,5345,9,274,0,1,25,British Isles,Cabbage Patch,81720,81720,0,207,8,215
2023-03-20 18:05:16,Tekkerz XI,Yes,xbsxs,2315663,1,WWWWWWWWWW,2392,1696,284,412,6497,2.72,2857,1.19,3640,22,229,13,1,25,East Coast US,Waldstadion,63246,63246,0,135,17,152
2023-03-20 18:05:16,I EzW Fc I,Yes,xbsxs,366218,1,WWWWWWWWWD,299,258,28,13,981,3.28,216,0.72,765,9,26,0,1,25,West Coast US,Olympiastadion,9821,9821,0,24,9,33
2023-03-20 18:05:16,II Toxic Fc II,Yes,xbsxs,1972833,1,WWWWWWWWWW,295,262,19,14,1014,3.44,202,0.68,812,9,27,0,1,25,West Coast US,King Fahd Stadium,10141,10141,0,25,9,34
2023-03-20 18:05:16,SPORTING LISBON,Yes,xbsxs,534068,1,WWWWWWWWLD,496,348,74,74,1185,2.39,478,0.96,707,12,40,3,1,25,East Coast US,Estádio do Dragão,12691,12691,0,26,9,35
2023-03-20 18:05:16,Fivey,Yes,xbsxs,6993068,1,WWWWWWLDDD,540,425,72,43,1468,2.72,404,0.75,1064,9,53,0,1,25,East Coast US,Sanderson Park,16769,16769,0,39,9,48
2023-03-20 18:05:16,Team Classic,Yes,xbsxs,47408,1,WWWWWLLLLD,452,402,27,23,1456,3.22,263,0.58,1193,9,44,0,1,25,British Isles,Fratton Park,15863,15863,0,42,9,51
2023-03-20 18:05:16,Tomori Special,Yes,xbsxs,8956148,1,WWWWWWWWWW,323,296,21,6,1013,3.14,102,0.32,911,9,31,0,1,25,British Isles,Deutsche Bank Park,11493,11493,0,29,9,38
2023-03-20 18:05:16,BoomBoysFc,Yes,xbsxs,4313038,1,WWWWWLLLLD,823,589,120,114,2171,2.64,851,1.03,1320,9,84,0,1,25,East Coast US,The Valley,22924,22924,0,46,9,55
2023-03-20 18:05:16,Top Flight FC,Yes,xbsxs,2206683,1,WWWWWWWWWW,864,599,131,134,2306,2.67,1075,1.24,1231,11,83,2,1,25,West Coast US,m.A.A.d city,22437,22437,0,43,9,52
2023-03-20 18:05:16,Hacken FC,Yes,xbsxs,167368,1,WWWWWWWWLD,1062,772,125,165,3013,2.84,1242,1.17,1771,12,103,3,1,25,West Coast US,Stadio Classico,29410,29410,0,63,11,74
2023-03-20 18:05:16,I Jinkz Squad I,Yes,xbsxs,99478,1,WWWWWWWWDD,721,550,80,91,2137,2.96,830,1.15,1307,10,72,1,1,25,West Coast US,Estadio Santiago Bernabéu,21258,21258,0,47,10,57
2023-03-20 18:05:16,Äziz Un,Yes,xbsxs,4521098,1,WWWWWWWLLD,417,338,42,37,1229,2.95,282,0.68,947,9,41,0,1,25,East Coast US,Cívitas METROPOLITANO,13248,13248,0,30,9,39
2023-03-20 18:05:16,CF ELITES,Yes,xbsxs,5551488,1,WWWWWWWWWL,304,261,21,22,933,3.07,210,0.69,723,9,27,0,1,25,British Isles,Emirates Stadium,9967,9967,0,24,9,33
2023-03-20 18:05:16,ßlack Magic,Yes,xbsxs,1206903,1,WWWWWWWWWD,374,301,31,42,1147,3.07,341,0.91,806,9,34,0,1,25,West Coast US,King Power Stadium,11762,11762,0,28,9,37
2023-03-20 18:05:16,§ß FC,Yes,xbsxs,2920898,1,WWWWWWWWWW,422,326,45,51,1149,2.72,377,0.89,772,9,39,0,1,25,East Coast US,Olympiastadion,12523,12523,0,28,8,36
2023-03-20 18:05:16,PROBUSTERS,Yes,xbsxs,3383853,1,WWWWWWWWWW,846,672,88,86,2353,2.78,662,0.78,1691,9,87,0,1,25,East Coast US,Stadion Olympik,26686,26686,0,65,8,73
2023-03-20 18:05:16,Pionel Pessi,Yes,xbsxs,6283,1,WWWWWWWWWD,606,468,68,70,2092,3.45,840,1.39,1252,10,57,1,1,25,British Isles,Shush,18263,18263,0,43,10,53
2023-03-20 18:05:16,FC BRASKO,Yes,xbsxs,5259153,1,WWWWWWWLDD,582,481,54,47,1980,3.4,619,1.06,1361,9,58,0,1,25,Southern Europe,Stamford Bridge,18983,18983,0,47,9,56
2023-03-20 18:05:16,A Ball Footy x,Yes,xbsxs,7967388,1,WWWWWWLLDD,296,234,30,32,798,2.7,194,0.66,604,9,26,0,1,25,British Isles,Estádio do SL Benfica,8748,8748,0,18,9,27
2023-03-20 18:05:16,ßROTHERHOOD FC,Yes,xbsxs,34678,1,WWWWWWWWLL,601,471,62,68,1785,2.97,677,1.13,1108,9,60,0,1,25,East Coast US,Brotherhood Arena,18414,18414,0,42,9,51
2023-03-20 18:05:16,Simple Goals,Yes,xbsxs,8287083,1,WWWWWWWWWL,221,213,7,1,809,3.66,101,0.46,708,9,19,0,1,25,British Isles,Anfield,7822,7822,0,19,9,28
2023-03-20 18:05:16,Total Football,Yes,xbsxs,1500318,1,WWWWWWWWWW,690,603,66,21,2120,3.07,404,0.59,1716,9,71,0,1,25,East Coast US,Estadio Santiago Bernabéu,24603,24603,0,67,9,76
2023-03-20 18:05:16,Titans CF,Yes,xbsxs,3712923,2,WWWLLLLLDD,380,281,50,49,1108,2.92,429,1.13,679,10,31,2,1,25,Central America,Athens Arena,10211,10211,0,22,10,32
2023-03-20 18:05:16,AFC Wickford,Yes,xbsxs,2547218,1,WWWWWWWLLD,833,672,79,82,2545,3.06,916,1.1,1629,9,87,0,1,25,British Isles,Bramall Lane,26420,26420,0,63,9,72
2023-03-20 18:05:16,Tri Link,Yes,xbsxs,62013,1,WWWWWWWWDD,605,376,104,125,1548,2.56,826,1.37,722,10,57,1,1,25,East Coast US,El Grandioso,13438,13438,0,16,9,25
2023-03-20 18:05:16,Criminal Goal,Yes,xbsxs,2286478,1,WWWWWLLLLD,366,292,34,40,1169,3.19,394,1.08,775,9,33,0,1,25,East Coast US,Your Jail Cell,10937,10937,0,24,9,33
2023-03-20 18:05:16,Skillz2PayBillz,Yes,xbsxs,1801218,1,WWWWWWWLDD,235,195,26,14,600,2.55,104,0.44,496,9,19,0,1,25,East Coast US,ESTADIO RANE,7283,7283,0,16,9,25
2023-03-20 18:05:16,r u serious,Yes,xbsxs,5690418,1,WWWWWLLDDD,296,213,38,45,753,2.54,291,0.98,462,10,23,1,1,25,British Isles,San Siro,7537,7537,0,13,10,23
2023-03-20 18:05:16,Forest Green,Yes,xbsxs,6623748,1,WWWWWWWLLD,250,219,20,11,834,3.34,207,0.83,627,9,21,0,1,25,British Isles,The Bolt New Lawn,8309,8309,0,20,9,29
2023-03-20 18:05:16,Champagnepapi,Yes,xbsxs,3004733,1,WWWWWWLLDD,497,289,61,147,1095,2.2,739,1.49,356,15,33,6,1,25,West Coast US,Cívitas METROPOLITANO,8604,8604,0,9,8,17
2023-03-20 18:05:16,Phoenix Rising,Yes,xbsxs,2253,1,WWWWWWWWWD,477,358,56,63,1386,2.91,457,0.96,929,9,46,0,1,25,British Isles,Forest Park Stadium,13515,13515,0,27,9,36
2023-03-20 18:05:16,Champgne FC,Yes,xbsxs,8052198,1,WWWWWWLLLD,273,185,27,61,769,2.82,394,1.44,375,9,22,0,1,25,East Coast US,Stadion 23. Maj,6314,6314,0,8,9,17
2023-03-20 18:05:16,Lions Train,Yes,xbsxs,1269848,1,WWWWWLLLDD,818,579,99,140,2177,2.66,950,1.16,1227,10,83,1,1,25,British Isles,Waldstadion,21636,21636,0,39,9,48
2023-03-20 18:05:16,zabba,Yes,xbsxs,685263,1,WWWWWWWWDD,669,383,90,196,1678,2.51,1168,1.75,510,19,45,10,1,25,Southern Europe,santiago banyolista,11013,11013,0,10,13,23
2023-03-20 18:05:16,FC Chop,Yes,xbsxs,6490638,1,WWWLLLLLDD,285,172,50,63,694,2.44,390,1.37,304,10,22,1,1,25,East Coast US,CHOP,5225,5225,0,1,9,10
2023-03-20 18:05:16,Inside Garden,Yes,xbsxs,21128,1,WWWWWWWWWL,474,337,73,64,1178,2.49,456,0.96,722,10,42,1,1,25,British Isles,The Inside Garden,12672,12672,0,26,7,33
2023-03-20 18:05:16,SillySausagesFC,Yes,xbsxs,6635563,1,WWWWWWWWDD,406,251,57,98,950,2.34,534,1.32,416,11,34,2,1,25,British Isles,Cívitas METROPOLITANO,8195,8195,0,7,9,16
2023-03-20 18:05:16,electroniic,Yes,xbsxs,2610103,1,WWWWWWLLDD,384,243,56,85,1008,2.63,537,1.4,471,12,28,3,1,25,East Coast US,El Alcoraz,7893,7893,0,10,9,19
2023-03-20 18:05:16,Austin   FC,Yes,xbsxs,1518283,1,WWWWLLLLDD,750,418,132,200,1618,2.16,994,1.33,624,19,54,10,1,25,East Coast US,King Fahd Stadium,12765,12765,0,12,15,27
2023-03-20 18:05:16,Sid The Sloth,Yes,xbsxs,6684108,1,WWWWWWWLLD,289,196,41,52,712,2.46,345,1.19,367,10,23,1,1,25,British Isles,Sanderson Park,6503,6503,0,8,9,17
2023-03-20 18:05:16,Lucozade XI,Yes,xbsxs,5943,2,WWWWWWLLDD,595,408,77,110,1651,2.77,785,1.32,866,12,51,4,1,25,British Isles,Mercedes-Benz Stadium,14519,14519,0,28,9,37
2023-03-20 18:05:16,Fanateam,Yes,xbsxs,2860178,1,WWWWLLLLDD,804,493,126,185,1901,2.36,1084,1.35,817,16,67,7,1,25,Southern Europe,Waldstadion,15902,15902,0,18,12,30
2023-03-20 18:05:16,Get a grip,Yes,xbsxs,8925803,1,WWWWWWWWWW,189,162,15,12,590,3.12,157,0.83,433,9,14,0,1,25,British Isles,Stadion Olympik,5608,5608,0,11,9,20
2023-03-20 18:05:16,iykykyk,Yes,xbsxs,2514353,1,WWWWWWWWDD,878,605,121,152,2192,2.5,914,1.04,1278,11,86,2,1,25,East Coast US,Johan Cruijff ArenA,22479,22479,0,40,11,51
2023-03-20 18:05:16,RB Avon,Yes,xbsxs,30003,1,WWWWWLLLDD,1090,685,155,250,2737,2.51,1516,1.39,1221,17,95,8,1,25,British Isles,Bosh Bowl,22821,22821,0,31,11,42
2023-03-20 18:05:16,TEAM EKLIPSE,Yes,xbsxs,82373,1,WWWWWWWLDD,1034,664,145,225,2472,2.39,1386,1.34,1086,14,95,5,1,25,Southern Europe,The Amex Stadium,23400,23400,0,37,9,46
2023-03-20 18:05:16,Ex Cons,Yes,xbsxs,4579593,1,WWWWWWWWWL,579,451,57,71,2266,3.91,1056,1.82,1210,9,57,0,1,25,Southern Europe,we elsalam,17175,17175,0,38,9,47
2023-03-20 18:05:16,Iconic Boyz,Yes,xbsxs,33293,1,WWWWWWLLDD,521,285,81,155,1057,2.03,674,1.29,383,18,30,9,1,24,Southern Europe,ICB Stadium,7449,7449,0,4,12,16
2023-03-20 18:05:16,FIFA 17 BROS,Yes,xbsxs,338683,1,WWWWWWWWWD,222,169,36,17,646,2.91,222,1.0,424,9,16,0,1,25,East Coast US,Ghana Is Here,6447,6447,0,14,9,23
2023-03-20 18:05:16,Futbol Es Vida,Yes,xbsxs,189948,1,WWWWWLLLLD,408,282,64,62,1050,2.57,437,1.07,613,9,37,0,1,25,West Coast US,FEL ARENA,10642,10642,0,19,9,28
2023-03-20 18:05:16,Gordito Crack,Yes,xbsxs,189943,1,WWWWWWWLLD,576,317,97,162,1504,2.61,1007,1.75,497,17,38,8,1,25,West Coast US,Old Trafford,8857,8857,0,4,10,14
2023-03-20 18:05:16,Fried Egg,Yes,xbsxs,3866338,1,WWWWLLLLDD,501,290,83,128,1195,2.39,746,1.49,449,16,31,7,1,25,British Isles,Estadio Santiago Bernabéu,8471,8471,0,9,11,20
2023-03-20 18:05:16,POR7UGOAL,Yes,xbsxs,3299483,1,WWWWWWWWWW,205,153,18,34,542,2.64,225,1.1,317,9,16,0,1,24,East Coast US,Cívitas METROPOLITANO,5164,5164,0,7,9,16
2023-03-20 18:05:16,Goalaxy,Yes,xbsxs,2921768,1,WWWWWLLDDD,1074,735,129,210,2998,2.79,1478,1.38,1520,14,99,5,1,25,West Coast US,Goalaxy Field,26678,26678,0,51,8,59
2023-03-20 18:05:16,Formality,Yes,xbsxs,1689633,1,WWWWWWLDDD,300,260,23,17,1155,3.85,376,1.25,779,9,27,0,1,25,British Isles,Estadio San Mamés,10139,10139,0,25,9,34
2023-03-20 18:05:16,Potato Mafia,Yes,xbsxs,2729813,1,WWWWWWWWWW,336,284,28,24,999,2.97,273,0.81,726,9,31,0,1,25,British Isles,Orange Vélodrome,10955,10955,0,26,9,35
2023-03-20 18:05:16,Road To HMP,Yes,xbsxs,5522168,1,WWWWWWWWWL,531,355,68,108,1372,2.58,646,1.22,726,14,41,5,1,25,British Isles,Estadio Santiago Bernabéu,11496,11496,0,16,12,28
2023-03-20 18:05:16,MadTeletubbies,Yes,xbsxs,645548,1,WWWWWWWWLL,860,642,81,137,3156,3.67,1538,1.79,1618,10,85,1,1,25,East Coast US,Stadion 23. Maj,24273,24273,0,52,9,61
2023-03-20 18:05:16,Broadway FC,Yes,xbsxs,619573,1,WWWWWWWWWD,710,567,67,76,2352,3.31,844,1.19,1508,10,69,1,1,25,British Isles,Claytons Playing Fields,21922,21922,0,53,10,63
2023-03-20 18:05:16,Chungy 1,Yes,xbsxs,9061793,2,WWWWLLDDDD,305,196,38,71,710,2.33,368,1.21,342,10,22,2,1,25,British Isles,Tottenham Hotspur Stadium,5931,5931,0,7,6,13
2023-03-20 18:05:16,Wolverhampton,Yes,xbsxs,49218,1,WWWWLLLLDD,417,270,70,77,1179,2.83,617,1.48,562,9,38,0,1,25,British Isles,Molineux Stadium,9769,9769,0,13,9,22
2023-03-20 18:05:16,Usual Frauds,Yes,xbsxs,506538,1,WWWWWWWLLD,458,303,57,98,1426,3.11,813,1.78,613,11,36,2,1,25,British Isles,Fraud Arena,10208,10208,0,17,9,26
2023-03-20 18:05:16,Evolution x,Yes,xbsxs,8294583,1,WWWWWWLDDD,178,155,15,8,583,3.28,151,0.85,432,9,14,0,1,25,Western Europe,Cívitas METROPOLITANO,5587,5587,0,11,9,20
2023-03-20 18:05:16,QualityFootball,Yes,xbsxs,810318,1,WWWWWWWWWD,231,150,28,53,623,2.7,258,1.12,365,10,14,1,1,25,Eastern Europe,Anfield,4460,4460,0,5,7,12
2023-03-20 18:05:16,CAPZ TK,Yes,xbsxs,4007198,1,WWWWWWWLLD,281,213,35,33,927,3.3,360,1.28,567,9,23,0,1,25,Central America,Estadio Santiago Bernabéu,7576,7576,0,14,9,23
2023-03-20 18:05:16,Favela Monkeys,Yes,xbsxs,159788,1,WWWWWLLDDD,578,320,84,174,1560,2.7,1152,1.99,408,18,36,9,1,25,East Coast US,Estádio do SL Benfica,9050,9050,0,8,11,19
2023-03-20 18:05:16,El Bandito,Yes,xbsxs,1839543,1,WWWWWWWLLL,630,266,93,271,1141,1.81,1151,1.83,-10,18,39,9,1,25,Northern Europe,Cívitas METROPOLITANO,6223,6223,0,1,9,10
2023-03-20 18:05:16,KoL 2K8,Yes,xbsxs,31483,2,WWWWWLLLDD,390,193,63,134,619,1.59,499,1.28,120,17,17,9,1,19,Southern Europe,KoL center,4269,4269,0,0,9,9
2023-03-20 18:05:16,The BB5,Yes,xbsxs,30843,1,WWWWWWWLDD,354,230,45,79,1081,3.05,595,1.68,486,11,26,2,1,25,British Isles,Craven Cottage,7629,7629,0,11,10,21
2023-03-20 18:05:16,VFL Real Madrid,Yes,xbsxs,3465268,1,WWWWWLLLLL,531,420,43,68,1911,3.6,843,1.59,1068,9,52,0,1,25,British Isles,Estadio Santiago Bernabéu,16002,16002,0,36,9,45
2023-03-20 18:05:16,Owzyatouch FC,Yes,xbsxs,7199403,1,WWWWWWWLLD,317,236,42,39,993,3.13,393,1.24,600,10,26,1,1,25,Southern Europe,Academy Stadium,8383,8383,0,15,10,25
2023-03-20 18:05:16,Pass n Shoot,Yes,xbsxs,8997473,1,WWWWWWLLDD,217,132,31,54,569,2.62,359,1.65,210,12,10,3,1,23,East Coast US,Town Park,3565,3565,0,1,12,13
2023-03-20 18:05:16,USMH ESPORT,Yes,xbsxs,35358,1,WWWLLLLLDD,570,300,105,165,1045,1.83,742,1.3,303,15,41,6,1,25,Southern Europe,Lavegerie Hofra Parck,9460,9460,0,7,9,16
2023-03-20 18:05:16,Socorno SC,Yes,xbsxs,556528,1,WWWWWWLLDD,369,264,41,64,923,2.5,431,1.17,492,11,29,2,1,25,South America,Mercedes-Benz Stadium,9184,9184,0,17,9,26
2023-03-20 18:05:16,Draugr FC,Yes,xbsxs,2891998,1,WWWWWWWLLL,314,168,51,95,718,2.29,500,1.59,218,15,13,6,1,24,British Isles,Johan Cruijff ArenA,4077,4077,0,1,12,13
2023-03-20 18:05:16,FCVP eSport,Yes,xbsxs,1531863,1,WWWWWWWWWL,207,147,25,35,529,2.56,188,0.91,341,9,15,0,1,25,Eastern Europe,DOOSAN ARENA,4990,4990,0,7,8,15
2023-03-20 18:05:16,Real Club CF,Yes,xbsxs,1271933,1,WWWWLLLLLL,604,397,89,118,1700,2.81,914,1.51,786,13,51,4,1,25,Southern Europe,Stadion Olympik,13996,13996,0,23,10,33
2023-03-20 18:05:16,KITSUNE e Game,Yes,xbsxs,1279088,1,WWWWWWWLLD,198,138,25,35,469,2.37,211,1.07,258,9,13,0,1,25,Southern Europe,Cívitas METROPOLITANO,4441,4441,0,6,8,14
2023-03-20 18:05:16,123 GO UTD,Yes,xbsxs,3031328,1,WWWWLLLLLD,750,576,61,113,2573,3.43,1071,1.43,1502,9,76,0,1,25,British Isles,Old Trafford,21616,21616,0,46,9,55
2023-03-20 18:05:16,Class x,Yes,xbsxs,6448408,1,WWWWWWWWWW,134,127,7,0,490,3.66,100,0.75,390,9,9,0,1,25,West Coast US,Estadio de las Artes,4444,4444,0,9,9,18
2023-03-20 18:05:16,The Maheecans,Yes,xbsxs,7159273,1,WWWWWWWLLD,760,580,91,89,2329,3.06,961,1.26,1368,9,77,0,1,25,West Coast US,estadio maheecan,22507,22507,0,50,9,59
2023-03-20 18:05:16,CF Invincibles,Yes,xbsxs,8732368,1,WWWWLLLLDD,270,196,27,47,729,2.7,301,1.11,428,9,23,0,1,25,British Isles,London Stadium,6484,6484,0,8,9,17
2023-03-20 18:05:16,Plidis,Yes,xbsxs,2110968,1,WWWWWLLLDD,580,348,87,145,1263,2.18,695,1.2,568,14,44,5,1,25,Central America,Plidimental,11205,11205,0,14,8,22
2023-03-20 18:05:16,Dumpies United,Yes,xbsxs,2051353,1,WWWWWWWWLD,532,420,56,56,1554,2.92,506,0.95,1048,9,51,0,1,25,East Coast US,El Libertador,16223,16223,0,38,8,46
2023-03-20 18:05:16,American Boys,Yes,xbsxs,9918,1,WWWWWWWWWD,428,277,73,78,1063,2.48,513,1.2,550,10,37,1,1,25,South America,Estadio Presidente Perón,9981,9981,0,15,9,24
2023-03-20 18:05:16,Atletico MKC,Yes,xbsxs,171843,2,WWWWLLLLLD,330,225,49,56,1052,3.19,620,1.88,432,9,27,1,1,25,West Coast US,Allianz Stadium,7882,7882,0,13,9,22
2023-03-20 18:05:16,Helsinki FC,Yes,xbsxs,2578603,1,WWWWWWWLLD,333,273,33,27,1125,3.38,363,1.09,762,9,30,0,1,25,British Isles,Hells Den,10225,10225,0,23,8,31
2023-03-20 18:05:16,Based Chefs,Yes,xbsxs,6962353,1,WWWWWWWWLL,365,216,61,88,967,2.65,639,1.75,328,13,24,4,1,25,East Coast US,The Kitchen,6492,6492,0,5,12,17
2023-03-20 18:05:16,T90 Football,Yes,xbsxs,875083,1,WWWWWWWLLD,717,421,101,195,1641,2.29,1075,1.5,566,19,50,10,1,25,British Isles,T90 Stadium,12934,12934,0,14,16,30
2023-03-20 18:05:16,San Hemorroides,Yes,xbsxs,96673,1,WWWWWWWWWD,596,379,82,135,1558,2.61,990,1.66,568,14,47,5,1,25,West Coast US,Waldstadion,12055,12055,0,15,12,27
2023-03-20 18:05:16,Sabrosura,Yes,xbsxs,1774913,1,WWWWLLLLDD,918,491,134,293,2106,2.29,1508,1.64,598,26,57,17,1,25,British Isles,Waldstadion,13815,13815,0,11,18,29
2023-03-20 18:05:16,Pontefract FC,Yes,xbsxs,9198,1,WWWWWWWWLD,275,194,37,44,720,2.62,337,1.23,383,9,23,0,1,25,British Isles,Estadio Santiago Bernabéu,7055,7055,0,12,8,20
2023-03-20 18:05:16,The Akatskii,Yes,xbsxs,701428,1,WWWWWWWWWL,1551,1172,161,218,4626,2.98,2126,1.37,2500,11,159,2,1,25,East Coast US,Akatskii Stadium,45635,45635,0,106,10,116
2023-03-20 18:05:16,Phils E pills,Yes,xbsxs,2006613,1,WWWLLLLLLD,784,509,96,179,2202,2.81,1313,1.67,889,11,74,2,1,25,British Isles,Phil's Shed,18128,18128,0,29,7,36
2023-03-20 18:05:16,I JINCHURIKI I,Yes,ps5,1523768,1,WWWWWWWWLD,1183,1030,88,65,3662,3.1,707,0.6,2955,9,128,0,1,25,Southern Europe,KONOHA,42514,42514,0,117,9,126
2023-03-20 18:05:16,Tiki XI,Yes,ps5,2370013,1,WWWWWWWWDD,1406,1224,103,79,4538,3.23,820,0.58,3718,9,154,0,1,25,Southern Europe,Anfield,50373,50373,0,138,9,147
2023-03-20 18:05:16,3RB w 6RB,Yes,ps5,2220478,1,WWWWWWWLLD,2471,1916,249,306,7921,3.21,2902,1.17,5019,13,259,4,1,25,,3rb w 6rb,75242,75242,0,181,12,193
2023-03-20 18:05:16,MIA SAN MIA,Yes,ps5,16973,1,WWWWWWLDDD,835,622,111,102,2037,2.44,579,0.69,1458,10,82,1,1,25,Asia,El Alcoraz,24069,24069,0,54,9,63
2023-03-20 18:05:16,Rhumerie fc,Yes,ps5,5832773,1,WWWWWWWWWD,821,678,77,66,2507,3.05,725,0.88,1782,9,85,0,1,25,Southern Europe,Old Trafford,27173,27173,0,69,9,78
2023-03-20 18:05:16,ShowTime x,Yes,ps5,3815948,1,WWWWWWWWWW,568,538,18,12,2086,3.67,262,0.46,1824,9,60,0,1,25,Southern Europe,ShowTime x,21595,21595,0,60,9,69
2023-03-20 18:05:16,II Ruthless II,Yes,ps5,2928263,1,WWWWWWWWWD,1046,986,28,32,3786,3.62,419,0.4,3367,10,116,1,1,25,Southern Europe,O Dromo,40517,40517,0,116,10,126
2023-03-20 18:05:16,LOS DAHALO,Yes,ps5,1720188,1,WWWWWWWWDD,1298,1059,118,121,3789,2.92,864,0.67,2925,9,139,0,1,25,Southern Europe,NEMESIS,42457,42457,0,107,8,115
2023-03-20 18:05:16,De Roude Leiw,Yes,ps5,335258,1,WWWWWWWWWD,610,530,46,34,2097,3.44,416,0.68,1681,9,62,0,1,25,Southern Europe,Sanderson Park,21205,21205,0,56,9,65
2023-03-20 18:05:16,Draco,Yes,ps5,2704913,1,WWWWWWWWWD,818,730,59,29,2894,3.54,663,0.81,2231,9,87,0,1,25,East Coast US,Stadion Olympik,30132,30132,0,84,9,93
2023-03-20 18:05:16,POWER5,Yes,ps5,2557443,1,WWWWLLLDDD,2102,1287,335,480,5388,2.56,3077,1.46,2311,28,181,19,1,25,,no discount,45628,45628,0,82,19,101
2023-03-20 18:05:16,Excelencia,Yes,ps5,3999158,1,WWWWWWWWWL,804,582,76,146,2386,2.97,938,1.17,1448,12,75,3,1,25,,Johan Cruijff ArenA,21306,21306,0,43,10,53
2023-03-20 18:05:16,Death fight,Yes,ps5,3868708,1,WWWWWWWWWW,1064,788,95,181,3359,3.16,1522,1.43,1837,13,102,4,1,25,,Old Trafford,29590,29590,0,65,10,75
2023-03-20 18:05:16,THE GÜNNERSS,Yes,ps5,456648,1,WWWWWWWWLL,3886,3107,334,445,13177,3.39,4548,1.17,8629,11,419,2,1,25,,Waldstadion,126073,126073,0,326,10,336
2023-03-20 18:05:16,LEONIDAS,Yes,ps5,1803563,1,WWWWWWWWWD,1407,1121,133,153,4802,3.41,1669,1.19,3133,11,146,2,1,25,West Coast US,Stadion Olympik,45051,45051,0,114,10,124
2023-03-20 18:05:16,Let the girl go,Yes,ps5,26668,1,WWWWWWWWLD,839,574,106,159,2288,2.73,947,1.13,1341,10,83,1,1,25,Asia,Waldstadion,20721,20721,0,34,10,44
2023-03-20 18:05:16,Gunners 04,Yes,ps5,156903,1,WWWWWWWWDD,587,465,61,61,1812,3.09,481,0.82,1331,10,56,1,1,25,,inferno Gunners 04,18055,18055,0,43,9,52
2023-03-20 18:05:16,Quatro Vision,Yes,ps5,2306143,1,WWWWWWWWWW,485,462,9,14,1889,3.89,343,0.71,1546,9,51,0,1,25,Western Europe,Waldstadion,18550,18550,0,51,9,60
2023-03-20 18:05:16,Midnight,Yes,ps5,22823,1,WWWWWWLDDD,527,369,55,103,1601,3.04,735,1.39,866,11,46,2,1,25,Asia,Sum Bo 1 is the best,12234,12234,0,19,11,30
2023-03-20 18:05:16,Dynamo UKFC,Yes,ps5,3418758,1,WWWWWWWWWL,1606,1109,174,323,4820,3.0,2383,1.48,2437,20,149,11,1,25,East Coast US,Blakey Bridge,40224,40224,0,79,11,90
2023-03-20 18:05:16,xSH4OLIN SOCCER,Yes,ps5,2697278,1,WWWWWWWLLD,715,560,64,91,1955,2.73,662,0.93,1293,10,70,1,1,25,Southern Europe,Etihad Stadium,21593,21593,0,50,10,60
2023-03-20 18:05:16,astraht mna5,Yes,ps5,2232413,2,WWWWLLLLLD,1039,640,131,268,2737,2.63,1529,1.47,1208,24,74,16,1,25,,Eastpoint Arena,19877,19877,0,30,18,48
2023-03-20 18:05:16,Francos FC,Yes,ps5,6727123,1,WWWWWWWWWW,426,331,42,53,1526,3.58,614,1.44,912,9,41,0,1,25,East Coast US,Emirates Stadium,12438,12438,0,26,7,33
2023-03-20 18:05:16,LES KILLERS,Yes,ps5,309173,1,WWWWWWWLLL,1662,1204,182,276,4856,2.92,2075,1.25,2781,12,169,3,1,25,Southern Europe,Estadio Santiago Bernabéu,45579,45579,0,96,10,106
2023-03-20 18:05:16,YG DAY 1NEs,Yes,ps5,3662228,1,WWWWWWWWLD,1142,801,150,191,3332,2.92,1622,1.42,1710,14,109,5,1,25,East Coast US,Estadio Santiago Bernabéu,30161,30161,0,61,12,73
2023-03-20 18:05:16,FC Parcelona,Yes,ps5,132073,1,WWWWWWWLLL,637,439,83,115,1661,2.61,728,1.14,933,11,59,2,1,25,British Isles,El Grandioso,15442,15442,0,25,9,34
2023-03-20 18:05:16,one pass,Yes,ps5,311023,2,WWLLDDDDDD,1367,1072,150,145,4390,3.21,1612,1.18,2778,9,143,1,1,25,,San Siro,43040,43040,0,108,8,116
2023-03-20 18:05:16,Inter Phoenix,Yes,ps5,1736233,1,WWWWWWWWLL,994,687,134,173,2504,2.52,1126,1.13,1378,11,98,2,1,25,Asia,El Alcoraz,25247,25247,0,45,11,56
2023-03-20 18:05:16,THE BEST KUWAIT,Yes,ps5,8408618,1,WWWWWWWDDD,726,484,95,147,1985,2.73,970,1.34,1015,15,58,6,1,25,,Tottenham Hotspur Stadium,17114,17114,0,34,9,43
2023-03-20 18:05:16,Eternalia,Yes,ps5,1965728,1,WWWWWWWWWW,419,359,35,25,1254,2.99,274,0.65,980,9,41,0,1,25,Southern Europe,ETERNAL,14139,14139,0,35,9,44
2023-03-20 18:05:16,Astaluegooo CF,Yes,ps5,2708628,1,WWWWWLLLDD,1986,1289,269,428,5216,2.63,2739,1.38,2477,21,188,12,1,25,Southern Europe,Ibrox Stadium,45792,45792,0,73,16,89
2023-03-20 18:05:16,The Champions,Yes,ps5,18353,1,WWWWWWLLLL,4582,3053,581,948,12073,2.63,5793,1.26,6280,31,453,22,1,25,British Isles,Waldstadion,111136,111136,0,196,26,222
2023-03-20 18:05:16,II France II,Yes,ps5,3002748,1,WWWWWWWWWD,1211,788,172,251,3125,2.58,1560,1.29,1565,18,108,9,1,25,Southern Europe,King Fahd Stadium,28158,28158,0,49,12,61
2023-03-20 18:05:16,THE GÖAT§,Yes,ps5,8595988,1,WWWWWWWWWD,771,560,77,134,2356,3.06,1021,1.32,1335,11,74,2,1,25,,CIC4C,21056,21056,0,45,7,52
2023-03-20 18:05:16,Simply City,Yes,ps5,3188453,1,WWWWWWDDDD,1900,1377,207,316,6170,3.25,2796,1.47,3374,11,199,2,1,25,Southern Europe,Orange Vélodrome,52663,52663,0,109,10,119
2023-03-20 18:05:16,BLACK HAWK FC,Yes,ps5,36608,1,WWWWWWWWLD,617,332,99,186,1207,1.96,818,1.33,389,19,38,10,1,25,,Cívitas METROPOLITANO,9048,9048,0,5,12,17
2023-03-20 18:05:16,BLACK STOCKINGS,Yes,ps5,144978,1,WWWWWWWLLL,1674,1136,204,334,4497,2.69,2199,1.31,2298,18,160,9,1,25,Southern Europe,BS XI,41405,41405,0,76,13,89
2023-03-20 18:05:16,WerAreSamba,Yes,ps5,12433,1,WWWWWWWWDD,750,625,54,71,2494,3.33,851,1.13,1643,9,77,0,1,25,,Stadion Olympik,24844,24844,0,63,9,72
2023-03-20 18:05:16,Reddington,Yes,ps5,1134578,1,WWWWWLLLLD,713,441,102,170,1635,2.29,974,1.37,661,15,59,6,1,25,,Mercedes-Benz Stadium,14619,14619,0,19,11,30
2023-03-20 18:05:16,TDOT N CO,Yes,ps5,384393,1,WWWWWWWLLD,1372,1107,124,141,4506,3.28,1635,1.19,2871,9,144,0,1,25,East Coast US,THE BIG OHH,45060,45060,0,117,9,126
2023-03-20 18:05:16,xFoot 2 Rue,Yes,ps5,3320883,1,WWWWWWWWWL,513,408,42,63,1643,3.2,598,1.17,1045,10,48,1,1,25,Southern Europe,Cívitas METROPOLITANO,15231,15231,0,34,10,44
2023-03-20 18:05:16,DAGOBAS,Yes,ps5,350628,1,WWWWWWWLLD,1118,750,132,236,2920,2.61,1521,1.36,1399,19,94,10,1,25,Southern Europe,Olympiastadion,26697,26697,0,52,14,66
2023-03-20 18:05:16,LionsUnion FC,Yes,ps5,1755448,1,WWWWWWWLDD,1640,1116,210,314,4708,2.87,2057,1.25,2651,13,166,4,1,25,,Lions Alley,41554,41554,0,75,11,86
2023-03-20 18:05:16,G R A Y,Yes,ps5,524763,1,WWWWWWWWLD,419,319,47,53,1213,2.89,428,1.02,785,9,40,0,1,25,,Stadion Olympik,11703,11703,0,22,9,31
2023-03-20 18:05:16,L O S T,Yes,ps5,1626393,1,WWWWWWLLLL,555,431,55,69,1657,2.99,534,0.96,1123,9,54,0,1,25,,L O S T,16234,16234,0,35,9,44
2023-03-20 18:05:16,xXCECIFOOTXx,Yes,ps5,3498998,1,WWWWWLLDDD,935,603,135,197,2088,2.23,1002,1.07,1086,13,87,4,1,25,Southern Europe,Old Trafford,21277,21277,0,31,11,42
2023-03-20 18:05:16,daddellito,Yes,ps5,1886773,1,WWWWWWWWLD,812,581,99,132,2279,2.81,1039,1.28,1240,9,81,0,1,25,East Coast US,Orange Vélodrome,21879,21879,0,43,9,52
2023-03-20 18:05:16,Vapor United FC,Yes,ps5,3206973,1,WWWWWWWLLD,972,664,138,170,2497,2.57,1118,1.15,1379,12,90,3,1,25,Southern Europe,Waldstadion,24834,24834,0,50,9,59
2023-03-20 18:05:16,YAMI FC,Yes,ps5,1027503,1,WWWWWWWLLD,1010,657,144,209,2886,2.86,1538,1.52,1348,15,89,6,1,25,Southern Europe,Estadio Santiago Bernabéu,23131,23131,0,40,9,49
2023-03-20 18:05:16,At Your Side HK,Yes,ps5,14208,1,WWWWWWWLDD,347,232,43,72,1021,2.94,521,1.5,500,11,26,2,1,25,Eastern Europe,Longville Stadium,7643,7643,0,12,9,21
2023-03-20 18:05:16,BanaNnnA FC,Yes,ps5,1342228,1,WWWWWWWWWL,580,438,55,87,1924,3.32,902,1.56,1022,9,57,0,1,25,East Coast US,Cívitas METROPOLITANO,16797,16797,0,36,9,45
2023-03-20 18:05:16,LITTLE CAT 34,Yes,ps5,1506598,1,WWWWWLDDDD,780,468,132,180,1663,2.13,858,1.1,805,17,62,8,1,25,Asia,Estadio de las Artes,15022,15022,0,17,14,31
2023-03-20 18:05:16,A Press L2 FC,Yes,ps5,30123,1,WWWWWWWWWD,976,774,111,91,3023,3.1,974,1.0,2049,9,99,0,1,25,Asia,Hong Kong Stadium,31372,31372,0,80,9,89
2023-03-20 18:05:16,Wisla Plock,Yes,ps5,242593,1,WWWWWWWWLD,230,180,23,27,645,2.8,168,0.73,477,9,19,0,1,25,Eastern Europe,El Libertador,6122,6122,0,10,9,19
2023-03-20 18:05:16,New BangZ,Yes,ps5,2661213,1,WWWWWWWWLD,1402,1036,167,199,4108,2.93,1648,1.18,2460,12,140,3,1,25,West Coast US,King Abdullah Sports City,40895,40895,0,95,11,106
2023-03-20 18:05:16,Legends SC,Yes,ps5,551193,1,WWWWWWLLLD,1203,729,171,303,2950,2.45,1689,1.4,1261,19,103,10,1,25,West Coast US,Estadio Galactico,24659,24659,0,34,13,47
2023-03-20 18:05:16,E N J O Y,Yes,ps5,14648,1,WWWWWWWLLL,271,216,22,33,809,2.99,313,1.15,496,9,22,0,1,25,,E N J O Y  FC,7906,7906,0,17,9,26
2023-03-20 18:05:16,Band of Bros,Yes,ps5,13963,1,WWWWWWLLLL,1087,601,160,326,2254,2.07,1417,1.3,837,26,77,17,1,25,Asia,HONGKOU DOME,17267,17267,0,13,15,28
2023-03-20 18:05:16,M O N S T E R S,Yes,ps5,15823,1,WWWWWWWWWD,876,544,130,202,2206,2.52,1144,1.31,1062,19,67,10,1,25,,Europa-Park Stadion,17880,17880,0,28,11,39
2023-03-20 18:05:16,10PM FC,Yes,ps5,216478,1,WWWWWWWWWL,417,231,85,101,777,1.86,452,1.08,325,14,26,5,1,25,,El Alcoraz,7148,7148,0,8,9,17
2023-03-20 18:05:16,Lizard Beauty,Yes,ps5,1753138,1,WWWWWWWWWD,863,633,97,133,2262,2.62,949,1.1,1313,10,85,1,1,25,Asia,Beauty Stadium,24430,24430,0,53,9,62
2023-03-20 18:05:16,UPTENSION FC,Yes,ps5,95773,1,WWWWWWLLLD,378,230,75,73,838,2.22,444,1.17,394,10,32,1,1,25,,Turf Moor,7690,7690,0,7,9,16
2023-03-20 18:05:16,Best 11,Yes,ps5,14328,1,WWWWWWLLLL,731,413,116,202,1496,2.05,926,1.27,570,18,55,9,1,25,Asia,El Alcoraz,11975,11975,0,7,11,18
2023-03-20 18:05:16,Un GuGu,Yes,ps5,16853,1,WWWWWWLLDD,632,334,111,187,1362,2.16,969,1.53,393,19,39,10,1,25,Asia,Stadion Hanguk,9234,9234,0,4,14,18
2023-03-20 18:05:16,12 Angry Men,Yes,ps5,1046498,1,WWWWWLLDDD,480,346,66,68,1353,2.82,543,1.13,810,9,44,0,1,25,East Coast US,Stadion Olympik,12961,12961,0,26,8,34
2023-03-20 18:05:16,X legends ksa X,Yes,ps5,307303,1,WWWWWWWWDD,627,449,72,106,1878,3.0,826,1.32,1052,11,56,2,1,25,,Eastpoint Arena,16727,16727,0,35,9,44
2023-03-20 18:05:16,E Old Driver,Yes,ps5,24033,1,WWWWWWWLLL,775,365,147,263,1282,1.65,1070,1.38,212,23,46,14,1,24,Asia,Sanderson Park,9380,9380,0,2,11,13
2023-03-20 18:05:16,The ThisAbili,Yes,ps5,344413,1,WWWWWWWLDD,392,268,60,64,989,2.52,495,1.26,494,9,35,0,1,25,Southern Europe,La Montagna di Mase,9409,9409,0,14,8,22
2023-03-20 18:05:16,COLARNIA FC,Yes,ps5,135198,1,WWWWWWWLDD,689,404,122,163,1768,2.57,1106,1.61,662,17,50,8,1,25,Southern Europe,San Siro,12773,12773,0,14,14,28
2023-03-20 18:05:16,Fc Blvckstars,Yes,ps5,658818,1,WWWWWWWLLD,902,639,108,155,2917,3.23,1379,1.53,1538,13,83,4,1,25,Southern Europe,Estádio do Dragão,23847,23847,0,50,12,62
2023-03-20 18:05:16,ChinaGrandTeam,Yes,ps5,31073,1,WWWWLLLDDD,1106,586,172,348,2488,2.25,1697,1.53,791,30,70,21,1,25,Asia,El Alcoraz,16233,16233,0,10,17,27
2023-03-20 18:05:16,CAMPIONE CALCIO,Yes,ps5,1527978,1,WWWWWWLLLL,548,310,105,133,1073,1.96,621,1.13,452,14,43,5,1,25,,Longville Stadium,9857,9857,0,9,8,17
2023-03-20 18:05:16,x Kraky Family,Yes,ps5,4003593,1,WWWWWWWLDD,325,268,29,28,1060,3.26,330,1.02,730,9,29,0,1,25,Southern Europe,Orange Vélodrome,10289,10289,0,24,9,33
2023-03-20 18:05:16,Kardesler FC,Yes,ps5,5006738,1,WWWWWWWWLD,348,270,39,39,1186,3.41,475,1.36,711,12,25,3,1,25,East Coast US,Habibi Arena,9505,9505,0,21,11,32
2023-03-20 18:05:16,ARABIAN LOCOS,Yes,ps5,5293873,1,WWWWWWWWLL,277,247,14,16,1052,3.8,352,1.27,700,9,25,0,1,25,West Coast US,Estadio San Mamés,9462,9462,0,23,9,32
2023-03-20 18:05:16,BlackCat United,Yes,ps5,740718,1,WWWWWWWLDD,560,300,95,165,1206,2.15,796,1.42,410,19,33,10,1,25,,BlackCats Stadium,8468,8468,0,6,12,18
2023-03-20 18:05:16,D A R K 1,Yes,ps5,3085008,1,WWWWWWWWLD,952,644,91,217,2836,2.98,1477,1.55,1359,14,87,5,1,25,,Emirates Stadium,22546,22546,0,38,11,49
2023-03-20 18:05:16,X Fc 95zoo X,Yes,ps5,3737423,1,WWWWWWWWLD,659,434,91,134,1939,2.94,1062,1.61,877,12,59,3,1,25,Southern Europe,Cívitas METROPOLITANO,14803,14803,0,21,9,30
2023-03-20 18:05:16,Fast Food FC,Yes,ps5,111523,1,WWWWWWLDDD,404,231,77,96,1063,2.63,651,1.61,412,14,25,5,1,25,East Coast US,In-N-Out Field,6834,6834,0,6,12,18
2023-03-20 18:05:16,Earth Quake,Yes,ps5,8194988,1,WWWWWWWWWL,419,258,63,98,1068,2.55,618,1.47,450,11,34,2,1,25,,allinz ariena,8976,8976,0,12,9,21
2023-03-20 18:05:16,Mister Clutch,Yes,ps5,762523,1,WWWWWWLLLL,905,540,140,225,2008,2.22,1132,1.25,876,18,75,9,1,25,Asia,Waldstadion,17751,17751,0,20,12,32
2023-03-20 18:05:16,Team Kurinhoo,Yes,ps5,3256963,1,WWWWWWLLDD,620,377,96,147,1705,2.75,1031,1.66,674,15,48,6,1,25,Eastern Europe,Cívitas METROPOLITANO,12293,12293,0,15,11,26
2023-03-20 18:05:16,Six buzz,Yes,ps5,7417148,1,WWWWWLLLDD,464,367,42,55,1813,3.91,809,1.74,1004,9,45,0,1,25,East Coast US,Steppers,14044,14044,0,31,9,40
2023-03-20 18:05:16,Balkan 22 23,Yes,ps5,177683,1,WWWWWWWDDD,430,231,65,134,1079,2.51,805,1.87,274,16,25,7,1,25,East Coast US,Not a karius in the world,6545,6545,0,5,10,15
2023-03-20 18:05:16,The Black Sheep,Yes,ps5,321198,2,WWLLLLLLDD,727,435,115,177,1590,2.19,873,1.2,717,21,46,13,1,25,Southern Europe,Orange Vélodrome,13560,13560,0,20,15,35
2023-03-20 18:05:16,StaoFc,Yes,ps5,396083,1,WWWWWWWDDD,602,394,78,130,1603,2.66,892,1.48,711,13,48,4,1,25,East Coast US,Estadio Benito Villamarín,13136,13136,0,22,8,30
2023-03-20 18:05:16,Les Invaincus X,Yes,ps5,2139043,1,WWWWWWWWLD,829,589,107,133,2332,2.81,1046,1.26,1286,9,83,0,1,25,Southern Europe,T sous JACK,22169,22169,0,43,8,51
2023-03-20 18:05:16,Alloutattack,Yes,ps5,31523,1,WWWWLLLLLD,442,302,52,88,1296,2.93,566,1.28,730,11,37,2,1,25,Asia,Longville Stadium,10507,10507,0,18,10,28
2023-03-20 18:05:16,ST Sweatienne,Yes,ps5,20908,1,WWLLLLLDDD,1489,799,225,465,3303,2.22,2437,1.64,866,32,108,23,1,25,Western Europe,El Grandioso,23439,23439,0,18,20,38
2023-03-20 18:05:16,Valiente,Yes,ps5,1189938,1,WWWWWWWWWL,259,209,27,23,858,3.31,241,0.93,617,9,22,0,1,25,,Estadio San Mamés,7690,7690,0,16,8,24
2023-03-20 18:05:16,VPG BEAST MODE,Yes,ps5,2654408,1,WWWWWWWWLD,413,312,38,63,1268,3.07,523,1.27,745,10,38,1,1,25,East Coast US,Estadio Santiago Bernabéu,11328,11328,0,21,10,31
2023-03-20 18:05:16,Sporting United,Yes,ps5,1613368,1,WWWWWWWWDD,429,296,72,61,1135,2.65,540,1.26,595,9,38,0,1,25,East Coast US,Old Trafford,11311,11311,0,22,8,30
2023-03-20 18:05:16,The XI,Yes,ps5,112598,1,WWWWWWWWWD,384,280,53,51,1011,2.63,408,1.06,603,9,35,0,1,25,British Isles,Estadio Santiago Bernabéu,10387,10387,0,20,7,27
2023-03-20 18:05:16,Al Bloz,Yes,ps5,8116408,1,WWWWWWWLDD,621,435,78,108,1911,3.08,850,1.37,1061,10,60,1,1,25,,Old Trafford,15032,15032,0,22,10,32
2023-03-20 18:05:16,Khobar 76 Wjhk,Yes,ps5,1913503,1,WWWWWWLLLD,421,274,34,113,1216,2.89,638,1.52,578,12,31,3,1,25,,Stamford Bridge,8568,8568,0,11,10,21
2023-03-20 18:05:16,Fight Academy,Yes,ps5,402818,1,WWWWWLLLLD,469,282,66,121,1201,2.56,730,1.56,471,14,34,5,1,25,,AlG7EM,9153,9153,0,12,9,21
2023-03-20 18:05:16,Bran Flakes FC,Yes,ps5,7773118,1,WWWWWWWWLL,278,211,24,43,800,2.88,272,0.98,528,9,25,0,1,25,British Isles,Stade Municipal,7165,7165,0,10,9,19
2023-03-20 18:05:16,Ply Lke Almiron,Yes,ps5,3898883,1,WWWWWWWLDD,1007,747,110,150,3192,3.17,1590,1.58,1602,10,100,1,1,25,British Isles,Eastpoint Arena,28444,28444,0,63,8,71
2023-03-20 18:05:16,FC UNFAIR,Yes,ps5,1043928,1,WWWWWWWWWW,1127,792,125,210,3174,2.82,1572,1.39,1602,9,115,0,1,25,Eastern Europe,Old Trafford,29510,29510,0,57,7,64
2023-03-20 18:05:16,295 eSports,Yes,pc,3279013,1,WWWWWWLLDD,428,298,81,49,823,1.92,252,0.59,571,10,38,1,1,25,Southern Europe,Estádio do Dragão,10602,10602,0,17,9,26
2023-03-20 18:05:16,NYCE ProClubs,Yes,pc,12393,1,WWWWWWWWLD,448,339,46,63,1264,2.82,370,0.83,894,9,41,0,1,25,Eastern Europe,Waldstadion,12757,12757,0,28,9,37
2023-03-20 18:05:16,Metronomo,Yes,pc,10993,1,WWWWWWWLLL,548,310,102,136,1125,2.05,618,1.13,507,14,42,5,1,25,Southern Europe,Borga Stadium,9939,9939,0,10,9,19
2023-03-20 18:05:16,Boavista FC,Yes,pc,1253708,1,WWWWWWWLLD,535,357,72,106,1224,2.29,469,0.88,755,13,43,4,1,25,Southern Europe,Estádio do Bessa,12417,12417,0,20,13,33
2023-03-20 18:05:16,PDC Esports,Yes,pc,350638,1,WWWWWLLLDD,637,335,136,166,1058,1.66,591,0.93,467,16,47,7,1,25,Southern Europe,PDC Arena,10233,10233,0,5,10,15
2023-03-20 18:05:16,KHALKEDON BS,Yes,pc,1310653,1,WWWWWWWDDD,369,256,47,66,920,2.49,364,0.99,556,10,30,1,1,25,Western Europe,Ataturk Stadium,8390,8390,0,12,10,22
2023-03-20 18:05:16,Recre Inmortals,Yes,pc,13828,1,WWWWLLLDDD,546,282,108,156,873,1.6,556,1.02,317,19,31,10,1,23,Western Europe,Town Park,7206,7206,0,1,11,12
2023-03-20 18:05:16,REVOLT,Yes,pc,11288,1,WWWWWWWLLL,343,242,45,56,797,2.32,293,0.85,504,9,30,0,1,25,Eastern Europe,O Dromo,8042,8042,0,11,9,20
2023-03-20 18:05:16,Corre Cadeirant,Yes,pc,2915263,1,WWWWWWWWWW,1149,991,65,93,4522,3.94,1380,1.2,3142,9,123,0,1,25,South America,Corre Cadeirant,39736,39736,0,106,9,115
2023-03-20 18:05:16,Lynx4k Esports,Yes,pc,81233,1,WWWWWWWWWW,664,375,114,175,1410,2.12,769,1.16,641,13,58,4,1,25,Southern Europe,5 CM MAS FUNES,11872,11872,0,8,9,17
2023-03-20 18:05:16,UD Walkers,Yes,pc,343203,1,WWWLLLLLDD,650,366,111,173,1357,2.09,768,1.18,589,17,45,8,1,25,Southern Europe,Hasbulla Arena,10766,10766,0,9,12,21
2023-03-20 18:05:16,Knallgas,Yes,pc,10388,1,WWWWWWLDDD,405,235,62,108,795,1.96,423,1.04,372,10,34,1,1,23,Eastern Europe,King Fahd Stadium,7008,7008,0,2,6,8
2023-03-20 18:05:16,Juventus Buc,Yes,pc,10353,2,WWWWWWLDDD,277,183,48,46,653,2.36,237,0.86,416,11,16,3,1,25,Eastern Europe,El Grandioso,5859,5859,0,10,10,20
2023-03-20 18:05:16,Echelon FC,Yes,pc,1298463,1,WWWWWWWDDD,493,293,85,115,963,1.95,470,0.95,493,11,41,2,1,25,Northern Europe,Kirklees Stadium,9378,9378,0,9,6,15
2023-03-20 18:05:16,We Score Goals,Yes,pc,2076858,1,WWWWWWWWLL,436,353,34,49,1538,3.53,546,1.25,992,9,40,0,1,25,East Coast US,Estadio Santiago Bernabéu,13798,13798,0,34,9,43
2023-03-20 18:05:16,FunKOP FC,Yes,pc,49048,2,WWWWLLDDDD,414,193,89,132,593,1.43,477,1.15,116,16,21,8,1,18,Southern Europe,Los llorones,4700,4700,0,0,8,8
2023-03-20 18:05:16,The Separatists,Yes,pc,220813,1,WWWWWLLDDD,668,417,89,162,1600,2.4,886,1.33,714,13,57,4,1,25,Eastern Europe,Old Trafford,13299,13299,0,13,11,24
2023-03-20 18:05:16,ARA MECCANIC,Yes,pc,203178,1,WWWWWWWWWL,422,251,50,121,909,2.15,505,1.2,404,15,26,6,1,24,Southern Europe,Lumen Field,6669,6669,0,5,11,16
2023-03-20 18:05:16,Silence FIFA,Yes,pc,11748,1,WWWWWWWLLD,346,227,53,66,770,2.23,355,1.03,415,11,25,2,1,25,Southern Europe,Reale Arena,6781,6781,0,8,9,17
2023-03-20 18:05:16,Monster AC,Yes,pc,11703,2,WWWWWLLLLL,650,361,103,186,1369,2.11,825,1.27,544,15,50,7,1,25,Northern Europe,Monster Arena,11054,11054,0,8,8,16
2023-03-20 18:05:16,ICONIQ,Yes,pc,11628,2,WWWWLLLLDD,452,267,72,113,1083,2.4,553,1.22,530,13,33,5,1,25,Western Europe,San Siro,7779,7779,0,4,12,16
2023-03-20 18:05:16,SiFOX ESPORTS,Yes,pc,14113,1,WWWWWWLLDD,430,283,80,67,1007,2.34,335,0.78,672,10,38,1,1,25,Eastern Europe,Loftus Road,10120,10120,0,15,10,25
2023-03-20 18:05:16,ktmc rubbish,Yes,pc,1003373,1,WWWWWWWWWL,660,501,84,75,2159,3.27,965,1.46,1194,11,60,2,1,25,Asia,Town Park,18901,18901,0,44,8,52
2023-03-20 18:05:16,Cyber Warriors,Yes,pc,11743,1,WWWWWWLLLD,492,238,83,171,976,1.98,712,1.45,264,17,28,8,1,24,Eastern Europe,Estadio Mestalla,6417,6417,0,3,10,13
2023-03-20 18:05:16,IIP NEW TEAM,Yes,pc,12093,1,WWWWWLLDDD,823,369,149,305,1561,1.9,1344,1.63,217,26,45,17,1,24,Southern Europe,Stamford Bridge,8895,8895,0,2,13,15
2023-03-20 18:05:16,Fangs,Yes,pc,29513,1,WWWWWLLLDD,537,246,97,194,980,1.82,824,1.53,156,20,27,11,1,21,Eastern Europe,Estadio José Zorrilla,6052,6052,0,0,14,14
2023-03-20 18:05:16,RAND0M,Yes,pc,33853,1,WWWWWWWLLD,294,172,54,68,630,2.14,342,1.16,288,11,19,2,1,25,Southern Europe,Mercedes-Benz Stadium,5667,5667,0,7,9,16
2023-03-20 18:05:16,Back 2 Roots,Yes,pc,11808,1,WWWWWWWLLD,480,276,79,125,1173,2.44,676,1.41,497,12,38,3,1,25,Eastern Europe,Volksparkstadion,8708,8708,0,6,10,16
2023-03-20 18:05:16,FT JAGUARS,Yes,pc,18953,1,WWWWLLLLDD,937,476,147,314,1981,2.11,1418,1.51,563,25,59,16,1,25,Northern Europe,Eastpoint Arena,13056,13056,0,11,13,24
2023-03-20 18:05:16,Chuck Norris FC,Yes,pc,39848,1,WWWWWWWWWL,617,482,67,68,2070,3.35,764,1.24,1306,10,59,1,1,25,South America,Casa do Chuck,18821,18821,0,45,8,53
2023-03-20 18:05:16,Madrigal,Yes,pc,24433,1,WWWWWLLLDD,481,248,95,138,901,1.87,538,1.12,363,16,30,7,1,24,Eastern Europe,Parc des Princes,6986,6986,0,5,8,13
2023-03-20 18:05:16,FC Eternal,Yes,pc,211983,1,WWWWLLLLLD,788,399,122,267,1632,2.07,1198,1.52,434,23,47,14,1,25,Northern Europe,Coliseum Alfonso Pérez,11009,11009,0,8,15,23
2023-03-20 18:05:16,Firulete FC,Yes,pc,726843,1,WWWWLLDDDD,501,304,83,114,1060,2.12,567,1.13,493,12,40,3,1,25,South America,Loftus Road,10335,10335,0,15,7,22
2023-03-20 18:05:16,Pokémon Go,Yes,pc,5112233,1,WWWWWWWLLD,426,304,53,69,1250,2.93,451,1.06,799,9,39,0,1,25,Southern Europe,Longville Stadium,10566,10566,0,17,8,25
2023-03-20 18:05:16,Fertouka FC,Yes,pc,6988763,1,WWWWWWWLDD,613,424,82,107,1701,2.77,831,1.36,870,10,59,1,1,25,Eastern Europe,Johan Cruijff ArenA,15354,15354,0,25,10,35
2023-03-20 18:05:16,Game 0ver,Yes,pc,2313583,1,WWWWLLDDDD,739,532,72,135,2494,3.37,1118,1.51,1376,11,69,2,1,25,South America,Estadio Game 0ver,19426,19426,0,40,7,47
2023-03-20 18:05:16,Toplam,Yes,pc,6374523,1,WWWWWWWWWL,399,309,41,49,1213,3.04,437,1.1,776,9,38,0,1,25,,Waldstadion,11789,11789,0,25,8,33
2023-03-20 18:05:16,AS NEW MOSSON,Yes,pc,3217708,1,WWWWWWWWWL,688,517,72,99,2241,3.26,1027,1.49,1214,9,66,0,1,25,Southern Europe,Olympiastadion,20144,20144,0,48,7,55
2023-03-20 18:05:16,Level Pro,Yes,pc,481603,2,WWWWWLLLLD,390,207,66,117,797,2.04,551,1.41,246,12,27,4,1,25,Eastern Europe,Town Park,5843,5843,0,3,8,11
2023-03-20 18:05:16,Seiseki,Yes,pc,11818,1,WWWWWWWLDD,423,213,77,133,811,1.92,569,1.35,242,17,21,8,1,25,Eastern Europe,Arena del Centenario,5861,5861,0,4,11,15
2023-03-20 18:05:16,Steel GaminG,Yes,pc,7944023,1,WWWWWLLLLD,240,149,34,57,616,2.57,283,1.18,333,12,13,3,1,24,Southern Europe,Parc des Princes,4333,4333,0,3,10,13
2023-03-20 18:05:16,Legends TFT,Yes,pc,448998,1,WWWWWWLDDD,303,199,45,59,599,1.98,242,0.8,357,10,23,1,1,25,Southern Europe,El Alcoraz,6775,6775,0,11,9,20
2023-03-20 18:05:16,QPR eSports VPG,Yes,pc,1551833,1,WWWWWLLDDD,252,168,36,48,598,2.37,239,0.95,359,10,18,1,1,25,Eastern Europe,Loftus Road,5291,5291,0,6,8,14
2023-03-20 18:05:16,V1KINGS,Yes,pc,4591828,1,WWWWWWLLDD,441,299,58,84,1263,2.86,523,1.19,740,9,42,0,1,25,Southern Europe,El Templo Del Palo,10638,10638,0,15,9,24
2023-03-20 18:05:16,lgg fc,Yes,pc,322063,1,WWWWWWWWLL,503,337,71,95,1427,2.84,756,1.5,671,12,42,3,1,25,,El Alcoraz,11665,11665,0,18,12,30
2023-03-20 18:05:16,Sensible FC,Yes,pc,692283,1,WWWWWWWWWL,622,415,101,106,1437,2.31,745,1.2,692,11,57,2,1,25,Western Europe,El Libertador,15362,15362,0,27,9,36
2023-03-20 18:05:16,Core Gaming,Yes,pc,65548,1,WWWWWWLLDD,437,218,83,136,797,1.82,547,1.25,250,17,22,8,1,24,Eastern Europe,Stade Municipal,5581,5581,0,1,10,11
2023-03-20 18:05:16,PT Rangers,Yes,pc,16683,1,WWWWWWWWLD,713,463,138,112,1462,2.05,571,0.8,891,11,67,2,1,25,Western Europe,Loftus Road,17306,17306,0,29,9,38
2023-03-20 18:05:16,Charaparp FC,Yes,pc,48428,1,WWWWWWLDDD,550,283,111,156,1364,2.48,996,1.81,368,15,38,6,1,25,,King Fahd Stadium,8548,8548,0,6,6,12
2023-03-20 18:05:16,Magic Storm,Yes,pc,477448,1,WWWWWWWLLD,342,194,52,96,761,2.23,420,1.23,341,15,17,6,1,24,Western Europe,BORUSSIA-PARK,4853,4853,0,1,12,13
2023-03-20 18:05:16,Genesis SE,Yes,pc,4312488,1,WWWWWWWWWL,327,237,35,55,1121,3.43,498,1.52,623,10,26,1,1,25,South America,Stadion Olympik,8306,8306,0,15,9,24
2023-03-20 18:05:16,THE TOXICOS,Yes,pc,1192993,1,WWWWWWLDDD,778,469,127,182,1862,2.39,1046,1.34,816,14,67,5,1,25,South America,LA QUE CUELGA STADIUM,15992,15992,0,21,9,30
2023-03-20 18:05:16,MAZREETA,Yes,pc,130523,1,WWWWWWWWDD,565,351,77,137,1401,2.48,790,1.4,611,13,45,4,1,25,Southern Europe,Old Trafford,11303,11303,0,14,10,24
2023-03-20 18:05:16,Alfaiha FC,Yes,pc,1065878,1,WWWWWWWWWD,662,438,73,151,2239,3.38,1322,2.0,917,10,62,1,1,25,Southern Europe,Stadion Olympik,15728,15728,0,28,6,34
2023-03-20 18:05:16,AlMojrimin,Yes,pc,5179393,1,WWWWWLLLLD,503,274,66,163,1220,2.43,920,1.83,300,16,32,7,1,25,Southern Europe,Stadion Olympik,8379,8379,0,10,7,17
2023-03-20 18:05:16,This Club Name,Yes,pc,3698898,1,WWWWWWWWWL,719,501,98,120,1906,2.65,802,1.12,1104,11,67,2,1,25,Southern Europe,Estadio Santiago Bernabéu,18022,18022,0,33,10,43
2023-03-20 18:05:16,FCStrawhats,Yes,pc,1451838,1,WWWWWWWLLD,729,441,103,185,2112,2.9,1422,1.95,690,14,63,5,1,25,Eastern Europe,Stamford Bridge,14502,14502,0,16,11,27
2023-03-20 18:05:16,Czech Ham Utd,Yes,pc,1304828,1,WWWWWWWDDD,1299,969,132,198,3903,3.0,1632,1.26,2271,11,132,2,1,25,Eastern Europe,King Power Stadium,37002,37002,0,81,9,90
2023-03-20 18:05:16,FC Inter Berlin,Yes,pc,1172198,1,WWWWWWWLDD,378,211,66,101,833,2.2,465,1.23,368,15,21,6,1,25,Eastern Europe,Volksparkstadion,5444,5444,0,2,9,11
2023-03-20 18:05:16,Itarim Academy,Yes,pc,53643,3,WWWWLLLLLL,632,342,109,181,1292,2.04,753,1.19,539,16,44,9,1,24,Southern Europe,Orange Vélodrome,9836,9836,0,6,12,18
2023-03-20 18:05:16,X Ahlawy X,Yes,pc,4368558,1,WWWWWWWLLD,939,527,170,242,2172,2.31,1400,1.49,772,22,70,13,1,25,Eastern Europe,Waldstadion,15819,15819,0,13,14,27
2023-03-20 18:05:16,Force Mentale,Yes,pc,3356783,1,WWWWWWLLLD,718,411,98,209,1670,2.33,1107,1.54,563,23,42,14,1,25,,Waldstadion,12238,12238,0,15,17,32
2023-03-20 18:05:16,Saonice,Yes,pc,458843,1,WWWWWWWWDD,1018,645,122,251,3070,3.02,1972,1.94,1098,16,89,7,1,25,Eastern Europe,Plavi Vulkan,22078,22078,0,36,9,45
2023-03-20 18:05:16,Cadiz eSportsPC,Yes,pc,1327183,2,WWWWLLLLLD,427,204,68,155,654,1.53,559,1.31,95,17,21,9,1,23,Southern Europe,Nuevo Mirandilla,4674,4674,0,1,9,10
2023-03-20 18:05:16,Loyalty,Yes,pc,13663,1,WWWWLLLLLL,531,258,83,190,967,1.82,759,1.43,208,21,24,12,1,25,Eastern Europe,Stadion Hanguk,6278,6278,0,1,14,15
2023-03-20 18:05:16,Rock N Roll TG,Yes,pc,6574493,1,WWWWLLLLDD,468,250,88,130,1115,2.38,772,1.65,343,16,29,7,1,25,Asia,Rock N Roll,7098,7098,0,4,9,13
2023-03-20 18:05:16,Salaya United,Yes,pc,2668718,1,WWWWWWWWLD,298,177,42,79,748,2.51,432,1.45,316,11,20,2,1,25,,Mercedes-Benz Stadium,5669,5669,0,7,9,16
2023-03-20 18:05:16,ORCA UNITED,Yes,pc,8346068,1,WWWWWWWLLD,333,215,40,78,876,2.63,506,1.52,370,12,23,3,1,24,,ORCA STADIUM,6924,6924,0,8,12,20
2023-03-20 18:05:16,JUGONES eCLUB,Yes,pc,191848,3,WWWWLLDDDD,731,301,164,266,923,1.26,892,1.22,31,27,32,20,1,16,Southern Europe,JUGONES PARK,6022,6022,0,0,18,18
2023-03-20 18:05:16,The Big Family,Yes,pc,309828,1,WWWWWWWLDD,821,568,91,162,2625,3.2,1333,1.62,1292,10,80,1,1,25,South America,Arena TBF,20647,20647,0,37,9,46
2023-03-20 18:05:16,Pro Action Club,Yes,pc,22483,2,WWWLLLDDDD,805,361,146,298,1518,1.89,1357,1.69,161,29,37,21,1,23,Southern Europe,Sanderson Park,8384,8384,0,2,14,16
2023-03-20 18:05:16,GALACTIC,Yes,pc,742093,1,WWWWWLLDDD,455,210,71,174,883,1.94,730,1.6,153,15,27,6,1,21,Western Europe,Allianz Stadium,5124,5124,0,0,6,6
2023-03-20 18:05:16,ANATOMY,Yes,pc,10828,2,WWLLLLLDDD,391,198,71,122,730,1.87,498,1.27,232,16,18,8,1,23,Eastern Europe,Kirklees Stadium,4704,4704,0,1,10,11
2023-03-20 18:05:16,SD Burritos,Yes,pc,407793,1,WWWWWWWDDD,773,376,171,226,1415,1.83,1010,1.31,405,19,55,10,1,24,West Coast US,Civita Park,11283,11283,0,8,8,16
2023-03-20 18:05:16,InazumaEleven,Yes,pc,177108,1,WWWWWWWLLD,456,351,48,57,1613,3.54,731,1.6,882,9,43,0,1,25,Southern Europe,Estadio Inazuma,13325,13325,0,29,7,36
2023-03-20 18:05:16,Chrispp n Pop,Yes,pc,3602628,1,WWWWWWWWLD,489,322,68,99,1507,3.08,838,1.71,669,12,41,3,1,25,British Isles,Tottenham Hotspur Stadium,11212,11212,0,17,12,29
2023-03-20 18:05:16,INörthSide,Yes,pc,1439683,2,WWWWLLLLLD,1043,467,187,389,2013,1.93,1809,1.73,204,33,54,25,1,24,Southern Europe,Rohazon Park,10776,10776,0,1,19,20
2023-03-20 18:05:16,ADO 1952eSports,Yes,pc,5342993,1,WWWWWWWWWW,324,210,50,64,691,2.13,294,0.91,397,10,26,1,1,25,Southern Europe,El Alcoraz,6581,6581,0,6,7,13
2023-03-20 18:05:16,Real Tempo CF,Yes,pc,4157078,1,WWWWWWWWLD,253,203,30,20,834,3.3,212,0.84,622,9,21,0,1,25,,San Siro,7095,7095,0,13,9,22
2023-03-20 18:05:16,INTERRUPT,Yes,pc,229953,2,WWWLLLLLDD,417,200,66,151,753,1.81,601,1.44,152,18,17,10,1,23,Western Europe,Anfield,4397,4397,0,1,12,13
2023-03-20 18:05:16,Phoenix FC,Yes,pc,46598,1,WWWWWWWWLD,364,203,62,99,855,2.35,507,1.39,348,13,23,4,1,25,,Hell's Kitchen,6024,6024,0,4,9,13
2023-03-20 18:05:16,REAL RED,Yes,pc,422798,2,WWWWLLLLLD,1704,795,388,521,2692,1.58,2030,1.19,662,36,121,28,1,25,Asia,El Alcoraz,23104,23104,0,7,15,22
2023-03-20 18:05:16,Blood Moon,Yes,pc,1238793,1,WWWWWWLDDD,397,236,65,96,895,2.25,483,1.22,412,13,27,4,1,25,Southern Europe,Estadio Presidente Perón,7421,7421,0,8,9,17
2023-03-20 18:05:16,PCA Invincibles,Yes,pc,2516658,1,WWWWWWLLDD,536,293,84,159,1331,2.48,865,1.61,466,18,33,9,1,24,East Coast US,The Amex Stadium,7929,7929,0,4,11,15
2023-03-20 18:05:16,Zèbre FC,Yes,pc,117808,4,WWWWLLLDDD,526,251,91,184,948,1.8,759,1.44,189,21,22,15,1,23,Eastern Europe,Allianz Stadium,5345,5345,0,1,14,15
2023-03-20 18:05:16,Source Football,Yes,pc,4804708,1,WWWWWWWWWW,478,373,55,50,1517,3.17,536,1.12,981,10,44,1,1,25,Western Europe,Source Stadium,14059,14059,0,31,10,41
2023-03-20 18:05:16,Rebrand Project,Yes,pc,12078,1,WWWWLLLLLD,638,300,104,234,1227,1.92,1030,1.61,197,27,23,18,1,23,Eastern Europe,Estadio Santiago Bernabéu,6207,6207,0,1,12,13
2023-03-20 18:05:16,La Milcua,Yes,pc,181843,1,WWWWWWLLLL,610,318,98,194,1434,2.35,1042,1.71,392,20,35,11,1,25,South America,Longville Stadium,8938,8938,0,7,12,19
2023-03-20 18:05:16,Samba United,Yes,pc,13413,3,WLLLLLLLDD,585,245,97,243,976,1.67,966,1.65,10,21,27,14,1,17,Southern Europe,Eastpoint Arena,5127,5127,0,0,10,10
2023-03-20 18:05:16,S2B60,Yes,pc,5635148,1,WWWWWWWLDD,364,237,52,75,1059,2.91,606,1.66,453,12,26,3,1,25,Eastern Europe,Old Trafford,7880,7880,0,11,11,22
2023-03-20 18:05:16,FC Hatcelona,Yes,pc,429343,1,WWWWWWWLDD,629,303,137,189,1146,1.82,869,1.38,277,19,39,10,1,24,Asia,Estadio Benito Villamarín,8653,8653,0,6,10,16
2023-03-20 18:05:16,Equality 05,Yes,pc,361278,1,WWWWWLLLLL,438,274,68,96,998,2.28,400,0.91,598,11,35,2,1,25,Eastern Europe,Waldstadion,8935,8935,0,11,10,21
2023-03-20 18:05:16,PCA ARSL FC,Yes,pc,736533,1,WWWWWWWLLL,1102,692,155,255,2964,2.69,1680,1.52,1284,10,110,1,1,25,East Coast US,Stade de Arslick,25311,25311,0,40,6,46
2023-03-20 18:05:16,AC CAZZIMMA,Yes,pc,362503,1,WWWWWWLLLD,385,206,62,117,872,2.26,582,1.51,290,16,19,7,1,25,Southern Europe,El Alcoraz,5429,5429,0,4,10,14
2023-03-20 18:05:16,Bang Pros,Yes,pc,541948,2,WWWWWLLLDD,465,237,67,161,877,1.89,637,1.37,240,21,16,13,1,23,Eastern Europe,Estadio Presidente Perón,5058,5058,0,1,13,14
2023-03-20 18:05:16,Wofdex Esports,Yes,pc,116118,1,WWLLLLLLDD,372,166,76,130,614,1.65,504,1.35,110,17,15,8,1,16,Eastern Europe,WOFDEX ARENA,3798,3798,0,0,10,10
2023-03-20 18:05:16,SILENCE HALL,Yes,pc,995103,1,WWWWLLDDDD,463,234,79,150,921,1.99,737,1.59,184,16,27,7,1,24,Asia,El Alcoraz,6591,6591,0,3,12,15
2023-03-20 18:05:16,POWERHORSE,Yes,pc,2722903,1,WWWWWLLDDD,679,312,127,240,1494,2.2,1300,1.91,194,21,40,12,1,24,,Stadion Olympik,7743,7743,0,1,11,12
2023-03-20 18:05:16,RB London,Yes,pc,102608,1,WWWWWLLLLD,1285,718,200,367,2935,2.28,1840,1.43,1095,29,92,20,1,25,Western Europe,Banc of California Stadium,21172,21172,0,18,21,39
2023-03-20 18:05:16,Confession,Yes,pc,2691553,1,WWWWLLDDDD,221,142,35,44,548,2.48,255,1.15,293,9,17,0,1,25,Western Europe,Estádio do SL Benfica,4616,4616,0,4,7,11
